{"low_gamma": {"distance_": {"girvan_newman": [0.125, 0.2727272727272727, 0.38461538461538464, 0.16666666666666666, 0.24324324324324326, 0.1527777777777778, 0.1111111111111111, 0.09090909090909091, 0.09090909090909091, 0.09322033898305085, 0.10638297872340426, 0.09090909090909091, 0.2, 0.18181818181818182, 0.15517241379310345, 0.13513513513513514, 0.09090909090909091, 0.0967741935483871, 0.16666666666666666, 0.09090909090909091], "2_k_clique_communities": [0.08695652173913043, 0.2727272727272727, 0.23255813953488372, 0.16666666666666666, 0.21951219512195122, 0.14864864864864866, 0.1, 0.09016393442622951, 0.16666666666666666, 0.09243697478991597, 0.1, 0.19230769230769232, 0.15384615384615385, 0.18181818181818182, 0.13043478260869565, 0.15217391304347827, 0.08888888888888889, 0.1111111111111111, 0.16666666666666666, 0.08333333333333333], "3_k_clique_communities": [0.09322033898305085, 0.09482758620689655, 0.25, 0.09016393442622951, 0.4666666666666667, 0.18032786885245902, 0.09016393442622951, 0.09166666666666666, 0.2631578947368421, 0.09401709401709402, 0.09259259259259259, 0.1724137931034483, 0.09016393442622951, 0.09016393442622951, 0.09016393442622951, 0.09016393442622951, 0.09230769230769231, 0.09016393442622951, 0.09016393442622951, 0.09016393442622951], "4_k_clique_communities": [0.09016393442622951, 0.09016393442622951, 0.15384615384615385, 0.09016393442622951, 0.5, 0.1864406779661017, 0.09016393442622951, 0.09166666666666666, 0.2727272727272727, 0.08695652173913043, 0.09016393442622951, 0.15151515151515152, 0.09016393442622951, 0.09016393442622951, 0.09016393442622951, 0.09016393442622951, 0.09230769230769231, 0.09016393442622951, 0.09016393442622951, 0.09016393442622951]}}, "high_gamma1": {"distance_": {"girvan_newman": [0.09090909090909091, 0.09090909090909091, 0.3076923076923077, 0.09090909090909091, 0.18181818181818182, 0.5, 0.15789473684210525, 0.09401709401709402, 0.09090909090909091, 0.09090909090909091, 0.09090909090909091, 0.10891089108910891, 0.09090909090909091, 0.09090909090909091, 0.09734513274336283, 0.09090909090909091, 0.09090909090909091, 0.09090909090909091, 0.09090909090909091, 0.09090909090909091], "2_k_clique_communities": [0.18181818181818182, 0.09016393442622951, 0.38461538461538464, 0.09166666666666666, 0.25, 0.4782608695652174, 0.15, 0.09322033898305085, 0.08928571428571429, 0.09016393442622951, 0.08333333333333333, 0.10784313725490197, 0.09016393442622951, 0.14285714285714285, 0.09649122807017543, 0.08333333333333333, 0.09090909090909091, 0.09166666666666666, 0.09016393442622951, 0.09016393442622951], "3_k_clique_communities": [0.09016393442622951, 0.09016393442622951, 0.09016393442622951, 0.09016393442622951, 0.09016393442622951, 0.09016393442622951, 0.09016393442622951, 0.09322033898305085, 0.08333333333333333, 0.09016393442622951, 0.08333333333333333, 0.1111111111111111, 0.09016393442622951, 0.09016393442622951, 0.09016393442622951, 0.09016393442622951, 0.09090909090909091, 0.09016393442622951, 0.09016393442622951, 0.09016393442622951], "4_k_clique_communities": [0.09016393442622951, 0.09016393442622951, 0.09016393442622951, 0.09016393442622951, 0.09016393442622951, 0.09016393442622951, 0.09016393442622951, 0.09322033898305085, 0.08333333333333333, 0.09166666666666666, 0.08333333333333333, 0.10204081632653061, 0.09016393442622951, 0.09016393442622951, 0.09016393442622951, 0.09016393442622951, 0.09090909090909091, 0.09016393442622951, 0.09016393442622951, 0.09016393442622951]}}}