{"low_gamma": {"distance_": {"girvan_newman": [0.09345794392523364, 0.12087912087912088, 0.125, 0.12359550561797752, 0.09016393442622951, 0.09090909090909091, 0.16666666666666666, 0.09016393442622951, 0.09090909090909091, 0.09090909090909091, 0.09401709401709402, 0.09090909090909091], "2_k_clique_communities": [0.10091743119266056, 0.09649122807017543, 0.09734513274336283, 0.10891089108910891, 0.09166666666666666, 0.15384615384615385, 0.17073170731707318, 0.09243697478991597, 0.09375, 0.10679611650485436, 0.09322033898305085, 0.12903225806451613], "3_k_clique_communities": [0.09574468085106383, 0.09016393442622951, 0.09016393442622951, 0.09482758620689655, 0.09649122807017543, 0.25, 0.5, 0.09821428571428571, 0.09016393442622951, 0.09016393442622951, 0.09821428571428571, 0.12], "4_k_clique_communities": [0.10465116279069768, 0.09016393442622951, 0.09016393442622951, 0.09016393442622951, 0.10091743119266056, 0.22448979591836735, 0.4166666666666667, 0.102803738317757, 0.09016393442622951, 0.09016393442622951, 0.09195402298850575, 0.12121212121212122]}}, "high_gamma1": {"distance_": {"girvan_newman": [0.09090909090909091, 0.09090909090909091, 0.09090909090909091, 0.09090909090909091, 0.1, 0.09016393442622951, 0.09090909090909091, 0.09090909090909091, 0.09090909090909091, 0.09183673469387756, 0.09322033898305085, 0.09401709401709402], "2_k_clique_communities": [0.09016393442622951, 0.09016393442622951, 0.09016393442622951, 0.09166666666666666, 0.09016393442622951, 0.1875, 0.36363636363636365, 0.09016393442622951, 0.09722222222222222, 0.08333333333333333, 0.09433962264150944, 0.08333333333333333], "3_k_clique_communities": [0.09016393442622951, 0.09016393442622951, 0.09016393442622951, 0.09016393442622951, 0.1134020618556701, 0.09016393442622951, 0.4444444444444444, 0.10476190476190476, 0.10256410256410256, 0.08333333333333333, 0.09016393442622951, 0.08333333333333333], "4_k_clique_communities": [0.09016393442622951, 0.09016393442622951, 0.09016393442622951, 0.09016393442622951, 0.13924050632911392, 0.09016393442622951, 0.28125, 0.09016393442622951, 0.09375, 0.09016393442622951, 0.2727272727272727, 0.13043478260869565]}}}