{"theta": {"": {"2_k_clique_communities": {}, "3_k_clique_communities": {}, "4_k_clique_communities": {}, "girvan_newman": {"0": 0.0, "2": 0.0, "3": 0.1, "6": 0.0, "10": 0.0, "11": 0.0, "15": 0.0, "16": 0.05263157894736842}, "2_edge_current_flow_betweenness_partition": {}, "3_edge_current_flow_betweenness_partition": {}, "4_edge_current_flow_betweenness_partition": {}, "greedy_modularity_communities": {"0": 0.0, "1": 0.0, "2": 0.0, "3": 0.1, "5": 0.0, "6": 0.0, "7": 0.0, "8": 0.041666666666666664, "9": 0.0, "10": 0.0, "11": 0.0, "13": 0.0, "15": 0.2857142857142857, "16": 0.2, "17": 0.0, "18": 0.16, "19": 0.07142857142857142}, "louvain_communities": {"0": 0.05263157894736842, "1": 0.18518518518518517, "2": 0.0, "3": 0.1, "4": 0.07142857142857142, "5": 0.041666666666666664, "6": 0.0, "7": 0.0, "8": 0.0, "9": 0.18181818181818182, "10": 0.0, "11": 0.06451612903225806, "12": 0.047619047619047616, "13": 0.22727272727272727, "15": 0.3333333333333333, "16": 0.05263157894736842, "17": 0.0, "18": 0.0, "19": 0.0}, "kernighan_lin_bisection": {"0": 0.07692307692307693, "6": 0.0, "11": 0.07692307692307693, "15": 0.0}}, "distance_": {"2_k_clique_communities": {}, "3_k_clique_communities": {}, "4_k_clique_communities": {}, "girvan_newman": {}, "2_edge_current_flow_betweenness_partition": {}, "3_edge_current_flow_betweenness_partition": {}, "4_edge_current_flow_betweenness_partition": {}, "greedy_modularity_communities": {"4": 0.0, "7": 0.0, "9": 0.034482758620689655, "12": 0.0, "15": 0.25, "18": 0.0, "19": 0.0}, "louvain_communities": {"1": 0.0, "3": 0.05405405405405406, "4": 0.075, "7": 0.11764705882352941, "8": 0.0, "9": 0.02631578947368421, "10": 0.038461538461538464, "12": 0.0, "13": 0.06451612903225806, "17": 0.08333333333333333, "18": 0.0}, "kernighan_lin_bisection": {"6": 0.0, "18": 0.0}}}, "alpha": {"": {"2_k_clique_communities": {}, "3_k_clique_communities": {}, "4_k_clique_communities": {}, "girvan_newman": {"0": 0.06666666666666667, "2": 0.3076923076923077, "5": 0.0, "8": 0.0, "12": 0.0, "13": 0.0, "14": 0.0}, "2_edge_current_flow_betweenness_partition": {}, "3_edge_current_flow_betweenness_partition": {}, "4_edge_current_flow_betweenness_partition": {}, "greedy_modularity_communities": {"0": 0.13636363636363635, "1": 0.0, "4": 0.0, "5": 0.05, "6": 0.041666666666666664, "9": 0.0, "10": 0.0, "11": 0.0, "12": 0.034482758620689655, "13": 0.10526315789473684, "14": 0.037037037037037035, "15": 0.07407407407407407, "16": 0.2727272727272727, "17": 0.0, "18": 0.0}, "louvain_communities": {"0": 0.06666666666666667, "1": 0.0, "2": 0.04, "3": 0.0, "4": 0.10714285714285714, "5": 0.0, "6": 0.0, "7": 0.0, "8": 0.0, "9": 0.05555555555555555, "11": 0.2222222222222222, "12": 0.0, "13": 0.10344827586206896, "14": 0.0, "15": 0.05555555555555555, "16": 0.2727272727272727, "17": 0.125, "18": 0.0}, "kernighan_lin_bisection": {"5": 0.0}}, "distance_": {"2_k_clique_communities": {}, "3_k_clique_communities": {}, "4_k_clique_communities": {}, "girvan_newman": {}, "2_edge_current_flow_betweenness_partition": {}, "3_edge_current_flow_betweenness_partition": {}, "4_edge_current_flow_betweenness_partition": {}, "greedy_modularity_communities": {"3": 0.0, "5": 0.14285714285714285, "13": 0.041666666666666664, "14": 0.05, "15": 0.0, "17": 0.0, "18": 0.09090909090909091}, "louvain_communities": {"0": 0.05263157894736842, "2": 0.0, "4": 0.045454545454545456, "7": 0.0, "8": 0.0, "9": 0.08823529411764706, "12": 0.12195121951219512, "14": 0.058823529411764705, "16": 0.0, "18": 0.12903225806451613}, "kernighan_lin_bisection": {"1": 0.06666666666666667, "6": 0.0}}}, "beta": {"": {"2_k_clique_communities": {}, "3_k_clique_communities": {}, "4_k_clique_communities": {}, "girvan_newman": {"10": 0.0}, "2_edge_current_flow_betweenness_partition": {}, "3_edge_current_flow_betweenness_partition": {}, "4_edge_current_flow_betweenness_partition": {}, "greedy_modularity_communities": {"0": 0.0, "3": 0.0, "5": 0.0, "6": 0.13636363636363635, "7": 0.0, "8": 0.05, "9": 0.23076923076923078, "10": 0.0, "14": 0.0, "16": 0.0, "17": 0.06666666666666667, "18": 0.15384615384615385}, "louvain_communities": {"0": 0.0, "1": 0.038461538461538464, "3": 0.041666666666666664, "4": 0.02564102564102564, "5": 0.041666666666666664, "6": 0.13333333333333333, "7": 0.0, "8": 0.0, "9": 0.0, "10": 0.0, "11": 0.0, "13": 0.0, "14": 0.2, "15": 0.0, "16": 0.2631578947368421, "17": 0.0, "18": 0.0}, "kernighan_lin_bisection": {"5": 0.05555555555555555, "12": 0.0, "14": 0.06666666666666667}}, "distance_": {"2_k_clique_communities": {}, "3_k_clique_communities": {}, "4_k_clique_communities": {}, "girvan_newman": {}, "2_edge_current_flow_betweenness_partition": {}, "3_edge_current_flow_betweenness_partition": {}, "4_edge_current_flow_betweenness_partition": {}, "greedy_modularity_communities": {"5": 0.07142857142857142, "10": 0.0, "17": 0.0}, "louvain_communities": {"0": 0.05128205128205128, "4": 0.02564102564102564, "5": 0.0, "8": 0.030303030303030304, "9": 0.2, "10": 0.030303030303030304, "13": 0.05128205128205128, "16": 0.16666666666666666, "18": 0.03333333333333333}, "kernighan_lin_bisection": {"3": 0.05555555555555555, "10": 0.06666666666666667, "12": 0.09090909090909091, "16": 0.125, "18": 0.0}}}, "low_gamma": {"": {"2_k_clique_communities": {}, "3_k_clique_communities": {}, "4_k_clique_communities": {}, "girvan_newman": {"0": 0.1111111111111111, "16": 0.08695652173913043, "19": 0.08571428571428572}, "2_edge_current_flow_betweenness_partition": {}, "3_edge_current_flow_betweenness_partition": {}, "4_edge_current_flow_betweenness_partition": {}, "greedy_modularity_communities": {"0": 0.08333333333333333, "5": 0.14705882352941177, "6": 0.0, "10": 0.0, "13": 0.08333333333333333, "19": 0.08571428571428572}, "louvain_communities": {"0": 0.1111111111111111, "1": 0.02631578947368421, "2": 0.1724137931034483, "3": 0.15151515151515152, "5": 0.0, "6": 0.08695652173913043, "7": 0.0, "8": 0.0, "9": 0.0, "10": 0.0, "11": 0.15625, "12": 0.0, "13": 0.0, "14": 0.0, "15": 0.15625, "16": 0.15151515151515152, "17": 0.037037037037037035, "18": 0.02564102564102564, "19": 0.08571428571428572}, "kernighan_lin_bisection": {"4": 0.0}}, "distance_": {"2_k_clique_communities": {}, "3_k_clique_communities": {}, "4_k_clique_communities": {}, "girvan_newman": {}, "2_edge_current_flow_betweenness_partition": {}, "3_edge_current_flow_betweenness_partition": {}, "4_edge_current_flow_betweenness_partition": {}, "greedy_modularity_communities": {"6": 0.0}, "louvain_communities": {"0": 0.0, "2": 0.058823529411764705, "3": 0.08333333333333333, "4": 0.07692307692307693, "5": 0.0625, "6": 0.043478260869565216, "7": 0.043478260869565216, "8": 0.09523809523809523, "9": 0.0, "17": 0.10344827586206896}, "kernighan_lin_bisection": {"6": 0.0, "8": 0.07692307692307693, "12": 0.024390243902439025, "15": 0.0, "17": 0.0}}}, "high_gamma1": {"": {"2_k_clique_communities": {}, "3_k_clique_communities": {}, "4_k_clique_communities": {}, "girvan_newman": {"0": 0.08571428571428572, "1": 0.0, "2": 0.1111111111111111, "3": 0.0, "4": 0.07692307692307693, "5": 0.0, "6": 0.07692307692307693, "7": 0.06896551724137931, "8": 0.10714285714285714, "9": 0.07407407407407407, "10": 0.07407407407407407, "11": 0.12, "12": 0.10714285714285714, "15": 0.0, "17": 0.07142857142857142, "18": 0.10714285714285714, "19": 0.08571428571428572}, "2_edge_current_flow_betweenness_partition": {}, "3_edge_current_flow_betweenness_partition": {}, "4_edge_current_flow_betweenness_partition": {}, "greedy_modularity_communities": {"0": 0.08571428571428572, "1": 0.11538461538461539, "2": 0.1111111111111111, "3": 0.0, "4": 0.07692307692307693, "5": 0.0, "6": 0.07692307692307693, "7": 0.06896551724137931, "8": 0.10714285714285714, "9": 0.07407407407407407, "10": 0.10714285714285714, "11": 0.12, "12": 0.10714285714285714, "13": 0.0967741935483871, "14": 0.1, "15": 0.0, "16": 0.07407407407407407, "17": 0.07142857142857142, "18": 0.10714285714285714, "19": 0.08571428571428572},