{"theta": {"": {"girvan_newman": {}, "2_edge_current_flow_betweenness_partition": {}, "3_edge_current_flow_betweenness_partition": {}, "4_edge_current_flow_betweenness_partition": {"3": 0.0}, "greedy_modularity_communities": {"0": 0.034482758620689655, "1": 0.0, "3": 0.19047619047619047, "6": 0.0, "8": 0.0}, "louvain_communities": {"0": 0.10714285714285714, "2": 0.0967741935483871, "3": 0.0, "5": 0.0967741935483871, "6": 0.1875, "7": 0.20833333333333334, "8": 0.0}, "kernighan_lin_bisection": {"6": 0.15789473684210525, "8": 0.0}}, "distance_": {"girvan_newman": {"0": 0.0, "2": 0.0, "3": 0.0}, "2_edge_current_flow_betweenness_partition": {"0": 0.0, "2": 0.0}, "3_edge_current_flow_betweenness_partition": {"0": 0.0, "2": 0.0}, "4_edge_current_flow_betweenness_partition": {"0": 0.0, "2": 0.0}, "greedy_modularity_communities": {"0": 0.0, "1": 0.0, "2": 0.10526315789473684, "3": 0.0, "4": 0.0, "5": 0.0, "6": 0.0, "7": 0.045454545454545456, "9": 0.13793103448275862}, "louvain_communities": {"0": 0.0, "1": 0.0, "2": 0.0, "3": 0.0, "4": 0.0, "5": 0.0, "7": 0.058823529411764705, "8": 0.08695652173913043, "9": 0.0}, "kernighan_lin_bisection": {"7": 0.043478260869565216}}}, "alpha": {"": {"girvan_newman": {"6": 0.0, "7": 0.0}, "2_edge_current_flow_betweenness_partition": {}, "3_edge_current_flow_betweenness_partition": {}, "4_edge_current_flow_betweenness_partition": {}, "greedy_modularity_communities": {"1": 0.0, "2": 0.08695652173913043, "3": 0.13043478260869565, "5": 0.0, "6": 0.0625, "7": 0.0}, "louvain_communities": {"0": 0.0, "1": 0.0, "2": 0.0, "3": 0.08333333333333333, "4": 0.04, "5": 0.0, "6": 0.0, "7": 0.1111111111111111, "8": 0.0, "9": 0.0}, "kernighan_lin_bisection": {}}, "distance_": {"girvan_newman": {"6": 0.0}, "2_edge_current_flow_betweenness_partition": {}, "3_edge_current_flow_betweenness_partition": {}, "4_edge_current_flow_betweenness_partition": {}, "greedy_modularity_communities": {"0": 0.0, "1": 0.0, "2": 0.045454545454545456, "3": 0.05263157894736842, "4": 0.0, "5": 0.1111111111111111, "7": 0.0, "8": 0.0, "9": 0.0}, "louvain_communities": {"0": 0.0, "1": 0.0, "2": 0.0, "3": 0.0625, "4": 0.043478260869565216, "5": 0.0, "6": 0.0, "7": 0.0, "8": 0.0, "9": 0.05263157894736842}, "kernighan_lin_bisection": {}}}, "beta": {"": {"girvan_newman": {"0": 0.043478260869565216, "1": 0.0, "2": 0.0, "3": 0.0, "4": 0.0}, "2_edge_current_flow_betweenness_partition": {}, "3_edge_current_flow_betweenness_partition": {}, "4_edge_current_flow_betweenness_partition": {}, "greedy_modularity_communities": {"0": 0.0, "1": 0.047619047619047616, "2": 0.0, "3": 0.0, "4": 0.0, "5": 0.037037037037037035, "6": 0.15, "8": 0.21052631578947367, "9": 0.0}, "louvain_communities": {"0": 0.0, "1": 0.05, "2": 0.09523809523809523, "3": 0.0, "4": 0.35, "5": 0.08333333333333333, "6": 0.0, "7": 0.15, "8": 0.1111111111111111, "9": 0.0}, "kernighan_lin_bisection": {"2": 0.0, "8": 0.0}}, "distance_": {"girvan_newman": {"7": 0.0, "8": 0.0}, "2_edge_current_flow_betweenness_partition": {"0": 0.0, "1": 0.0, "8": 0.0}, "3_edge_current_flow_betweenness_partition": {"0": 0.0, "1": 0.0, "8": 0.0}, "4_edge_current_flow_betweenness_partition": {"0": 0.0, "1": 0.0, "8": 0.0}, "greedy_modularity_communities": {"0": 0.0, "4": 0.041666666666666664, "6": 0.0, "7": 0.0, "8": 0.0, "9": 0.047619047619047616}, "louvain_communities": {"0": 0.0, "4": 0.0, "5": 0.0, "6": 0.0, "7": 0.0, "8": 0.0, "9": 0.09523809523809523}, "kernighan_lin_bisection": {}}}, "low_gamma": {"": {"girvan_newman": {"0": 0.08571428571428572, "3": 0.07407407407407407, "4": 0.07407407407407407, "6": 0.07692307692307693, "8": 0.07407407407407407, "9": 0.08571428571428572}, "2_edge_current_flow_betweenness_partition": {"0": 0.08571428571428572, "1": 0.13043478260869565, "8": 0.0}, "3_edge_current_flow_betweenness_partition": {"0": 0.08571428571428572, "1": 0.13043478260869565, "8": 0.0, "9": 0.08571428571428572}, "4_edge_current_flow_betweenness_partition": {"0": 0.08571428571428572, "1": 0.13043478260869565, "8": 0.0, "9": 0.08571428571428572}, "greedy_modularity_communities": {"0": 0.08571428571428572, "1": 0.13043478260869565, "2": 0.08333333333333333, "3": 0.07407407407407407, "7": 0.0, "8": 0.07407407407407407, "9": 0.08571428571428572}, "louvain_communities": {"0": 0.08571428571428572, "1": 0.13043478260869565, "2": 0.0, "3": 0.14705882352941177, "4": 0.07407407407407407, "5": 0.0, "6": 0.05555555555555555, "7": 0.0, "8": 0.0, "9": 0.08571428571428572}, "kernighan_lin_bisection": {"1": 0.1}}, "distance_": {"girvan_newman": {"0": 0.0, "1": 0.0, "2": 0.0, "9": 0.11538461538461539}, "2_edge_current_flow_betweenness_partition": {"0": 0.15789473684210525, "1": 0.0, "2": 0.0, "7": 0.0, "8": 0.0}, "3_edge_current_flow_betweenness_partition": {"0": 0.15789473684210525, "1": 0.0, "2": 0.0, "7": 0.0, "8": 0.0}, "4_edge_current_flow_betweenness_partition": {"0": 0.15789473684210525, "1": 0.0, "2": 0.0, "7": 0.0, "8": 0.0}, "greedy_modularity_communities": {"0": 0.0, "1": 0.0, "2": 0.0, "3": 0.0, "4": 0.0, "5": 0.0, "6": 0.0, "7": 0.0, "8": 0.0, "9": 0.0}, "louvain_communities": {"0": 0.0, "1": 0.0, "2": 0.0, "3": 0.0, "4": 0.0, "5": 0.0, "6": 0.0, "7": 0.0, "8": 0.0, "9": 0.0}, "kernighan_lin_bisection": {}}}, "high_gamma1": {"": {"girvan_newman": {"0": 0.08571428571428572, "1": 0.0, "2": 0.0, "3": 0.0, "4": 0.0, "5": 0.0, "6": 0.1, "7": 0.0, "8": 0.07142857142857142, "9": 0.08571428571428572}, "2_edge_current_flow_betweenness_partition": {"0": 0.08571428571428572, "2": 0.10344827586206896, "3": 0.09090909090909091, "4": 0.09375, "5": 0.0967741935483871, "6": 0.1, "7": 0.0967741935483871, "8": 0.07142857142857142, "9": 0.08571428571428572}, "3_edge_current_flow_betweenness_partition": {"0": 0.08571428571428572, "1": 0.0, "2": 0.10344827586206896, "3": 0.09090909090909091, "4": 0.09375, "5": 0.0967741935483871, "6": 0.1, "7": 0.0967741935483871, "8": 0.07142857142857142, "9": 0.08571428571428572}, "4_edge_current_flow_betweenness_partition": {"0": 0.08571428571428572, "1": 0.0, "2": 0.10344827586206896, "3": 0.09090909090909091, "4": 0.09375, "5": 0.0967741935483871, "6": 0.1, "7": 0.0967741935483871, "8": 0.07142857142857142, "9": 0.08571428571428572}, "greedy_modularity_communities": {"0": 0.08571428571428572, "1": 0.0, "2": 0.0, "3": 0.0, "4": 0.0, "5": 0.0, "6": 0.1, "7": 0.0, "8": 0.07142857142857142, "9": 0.08571428571428572}, "louvain_communities": {"0": 0.08571428571428572, "1": 0.0, "2": 0.0, "3": 0.0, "4": 0.15151515151515152, "5": 0.0, "6": 0.1, "7": 0.0, "8": 0.07142857142857142, "9": 0.08571428571428572}, "kernighan_lin_bisection": {"6": 0.17857142857142858, "8": 0.1}}, "distance_": {"girvan_newman": {"0": 0.1111111111111111}, "2_edge_current_flow_betweenness_partition": {"0": 0.1111111111111111, "9": 0.10714285714285714}, "3_edge_current_flow_betweenness_partition": {"0": 0.1111111111111111, "9": 0.10714285714285714}, "4_edge_current_flow_betweenness_partition": {"0": 0.1111111111111111, "9": 0.10714285714285714}, "greedy_modularity_communities": {"0": 0.1111111111111111, "2": 0.0, "3": 0.0, "4": 0.0, "5": 0.0, "6": 0.0, "7": 0.0, "8": 0.0}, "louvain_communities": {"0": 0.1111111111111111, "1": 0.0, "2": 0.0, "3": 0.0, "4": 0.0, "5": 0.0, "6": 0.0, "7": 0.0, "8": 0.0}, "kernighan_lin_bisection": {}}}}