{"low_gamma": {"distance_": {"girvan_newman": {"0": 0.0, "1": 0.0, "2": 0.0, "3": 0.0, "6": 0.0, "13": 0.0, "14": 0.0, "17": 0.0, "19": 0.0}, "2_k_clique_communities": {"0": 0.07692307692307693, "1": 0.0, "3": 0.0, "13": 0.0, "17": 0.0}, "3_k_clique_communities": {"0": 0.0, "2": 0.0, "4": 0.4666666666666667, "10": 0.0}, "4_k_clique_communities": {"2": 0.15384615384615385, "4": 0.5}, "2_edge_current_flow_betweenness_partition": {"0": 0.07692307692307693, "1": 0.0, "3": 0.0, "13": 0.0, "17": 0.0}, "3_edge_current_flow_betweenness_partition": {"0": 0.07692307692307693, "1": 0.0, "3": 0.0, "13": 0.0, "17": 0.0}, "4_edge_current_flow_betweenness_partition": {"0": 0.07692307692307693, "1": 0.0, "3": 0.0, "13": 0.0, "17": 0.0}, "greedy_modularity_communities": {"0": 0.0, "1": 0.0, "2": 0.4117647058823529, "3": 0.0, "4": 0.1111111111111111, "6": 0.0, "8": 0.0, "10": 0.0, "11": 0.06666666666666667, "12": 0.11764705882352941, "13": 0.0, "14": 0.047619047619047616, "15": 0.038461538461538464, "17": 0.0, "19": 0.0}, "louvain_communities": {"0": 0.0, "1": 0.0, "2": 0.4117647058823529, "3": 0.0, "4": 0.0, "5": 0.05263157894736842, "6": 0.0, "8": 0.05263157894736842, "9": 0.05, "10": 0.0, "12": 0.11764705882352941, "13": 0.0, "14": 0.09523809523809523, "15": 0.15384615384615385, "16": 0.0, "17": 0.0, "19": 0.0}, "kernighan_lin_bisection": {"7": 0.0}}}, "high_gamma1": {"distance_": {"girvan_newman": {"2": 0.3076923076923077, "5": 0.5}, "2_k_clique_communities": {"2": 0.38461538461538464, "5": 0.4782608695652174, "6": 0.15}, "3_k_clique_communities": {}, "4_k_clique_communities": {}, "2_edge_current_flow_betweenness_partition": {"2": 0.38461538461538464, "4": 0.25, "5": 0.4782608695652174, "6": 0.15}, "3_edge_current_flow_betweenness_partition": {"2": 0.38461538461538464, "4": 0.25, "5": 0.4782608695652174, "6": 0.15}, "4_edge_current_flow_betweenness_partition": {"2": 0.38461538461538464, "4": 0.25, "5": 0.4782608695652174, "6": 0.15}, "greedy_modularity_communities": {"2": 0.15384615384615385, "4": 0.25, "5": 0.5294117647058824, "6": 0.15384615384615385, "8": 0.03333333333333333, "9": 0.0, "10": 0.0}, "louvain_communities": {"2": 0.15384615384615385, "4": 0.25, "5": 0.35294117647058826, "6": 0.05555555555555555, "9": 0.041666666666666664, "10": 0.13636363636363635, "14": 0.0, "16": 0.038461538461538464}, "kernighan_lin_bisection": {"9": 0.0}}}}