{"theta": {"": {"2_k_clique_communities": {}, "3_k_clique_communities": {}, "4_k_clique_communities": {"0": 0.0, "6": 0.0, "7": 0.0}, "girvan_newman": {"13": 0.08333333333333333, "15": 0.0}, "2_edge_current_flow_betweenness_partition": {}, "3_edge_current_flow_betweenness_partition": {}, "4_edge_current_flow_betweenness_partition": {"15": 0.0}, "greedy_modularity_communities": {"2": 0.0, "3": 0.21428571428571427, "5": 0.0, "7": 0.0, "9": 0.0, "14": 0.0, "17": 0.0, "19": 0.0}, "louvain_communities": {"1": 0.0, "3": 0.08695652173913043, "4": 0.05405405405405406, "6": 0.15789473684210525, "7": 0.0, "9": 0.0, "10": 0.05405405405405406, "11": 0.0, "12": 0.0, "13": 0.043478260869565216, "14": 0.15789473684210525, "15": 0.21212121212121213, "16": 0.09375, "18": 0.17391304347826086, "19": 0.05405405405405406}, "kernighan_lin_bisection": {"0": 0.0, "7": 0.0, "13": 0.045454545454545456, "15": 0.2, "19": 0.0}}, "distance_": {"2_k_clique_communities": {}, "3_k_clique_communities": {"0": 0.0, "1": 0.0, "2": 0.0, "3": 0.14285714285714285, "4": 0.0, "5": 0.04, "6": 0.0, "7": 0.0, "14": 0.0, "16": 0.0, "17": 0.0}, "4_k_clique_communities": {"4": 0.0}, "girvan_newman": {"1": 0.0, "3": 0.0, "5": 0.1, "11": 0.047619047619047616, "19": 0.0}, "2_edge_current_flow_betweenness_partition": {"1": 0.0}, "3_edge_current_flow_betweenness_partition": {"1": 0.0}, "4_edge_current_flow_betweenness_partition": {"1": 0.0}, "greedy_modularity_communities": {"0": 0.09523809523809523, "1": 0.0, "2": 0.09090909090909091, "3": 0.13636363636363635, "4": 0.0, "5": 0.0, "6": 0.0, "7": 0.0, "8": 0.0, "11": 0.05263157894736842, "12": 0.043478260869565216, "13": 0.18181818181818182, "14": 0.08333333333333333, "15": 0.20833333333333334, "16": 0.0, "17": 0.0, "18": 0.15789473684210525, "19": 0.0}, "louvain_communities": {"0": 0.09523809523809523, "1": 0.0, "2": 0.0, "3": 0.13043478260869565, "4": 0.0, "5": 0.0, "6": 0.047619047619047616, "7": 0.0, "9": 0.11764705882352941, "11": 0.1111111111111111, "12": 0.0, "13": 0.0, "14": 0.04, "15": 0.0, "16": 0.0, "17": 0.0, "18": 0.1, "19": 0.05}, "kernighan_lin_bisection": {"5": 0.0, "13": 0.0}}}, "alpha": {"": {"2_k_clique_communities": {}, "3_k_clique_communities": {}, "4_k_clique_communities": {"3": 0.0, "6": 0.0, "11": 0.0, "12": 0.0, "15": 0.0}, "girvan_newman": {"0": 0.15384615384615385, "4": 0.0}, "2_edge_current_flow_betweenness_partition": {}, "3_edge_current_flow_betweenness_partition": {"14": 0.0}, "4_edge_current_flow_betweenness_partition": {"14": 0.0}, "greedy_modularity_communities": {"0": 0.029411764705882353, "3": 0.06451612903225806, "4": 0.05555555555555555, "8": 0.0, "10": 0.07692307692307693, "11": 0.034482758620689655, "12": 0.10714285714285714, "14": 0.05263157894736842, "15": 0.05, "17": 0.058823529411764705, "18": 0.0}, "louvain_communities": {"0": 0.029411764705882353, "1": 0.0, "3": 0.0, "4": 0.041666666666666664, "6": 0.04, "7": 0.0, "8": 0.0, "9": 0.0, "11": 0.0, "12": 0.0, "13": 0.0, "14": 0.02564102564102564, "16": 0.2222222222222222, "17": 0.07407407407407407, "18": 0.0, "19": 0.0}, "kernighan_lin_bisection": {"10": 0.08333333333333333, "12": 0.0}}, "distance_": {"2_k_clique_communities": {"12": 0.0}, "3_k_clique_communities": {"0": 0.0, "1": 0.0, "3": 0.0, "4": 0.08333333333333333, "7": 0.0, "8": 0.0, "11": 0.0, "12": 0.0, "15": 0.0, "16": 0.0, "17": 0.0, "18": 0.09090909090909091}, "4_k_clique_communities": {"4": 0.0, "6": 0.0, "10": 0.0, "14": 0.0, "18": 0.0, "19": 0.0}, "girvan_newman": {"0": 0.045454545454545456, "2": 0.0, "6": 0.07142857142857142, "11": 0.0, "15": 0.0}, "2_edge_current_flow_betweenness_partition": {}, "3_edge_current_flow_betweenness_partition": {}, "4_edge_current_flow_betweenness_partition": {}, "greedy_modularity_communities": {"0": 0.045454545454545456, "1": 0.0, "2": 0.0, "3": 0.0, "4": 0.17391304347826086, "6": 0.041666666666666664, "7": 0.041666666666666664, "8": 0.058823529411764705, "10": 0.0, "14": 0.0, "15": 0.0, "16": 0.08695652173913043, "18": 0.17647058823529413}, "louvain_communities": {"0": 0.05263157894736842, "1": 0.0, "2": 0.0, "3": 0.0, "4": 0.045454545454545456, "5": 0.043478260869565216, "7": 0.0, "8": 0.04, "9": 0.0, "11": 0.0, "12": 0.0, "14": 0.0, "15": 0.0, "16": 0.0, "17": 0.0, "18": 0.0, "19": 0.0}, "kernighan_lin_bisection": {"3": 0.05263157894736842, "7": 0.1111111111111111, "11": 0.034482758620689655, "12": 0.0}}}, "beta": {"": {"2_k_clique_communities": {}, "3_k_clique_communities": {"3": 0.0, "4": 0.0, "11": 0.0, "12": 0.0, "17": 0.043478260869565216, "18": 0.0, "19": 0.0625}, "4_k_clique_communities": {"0": 0.0, "1": 0.0, "2": 0.0, "3": 0.05, "4": 0.0, "5": 0.058823529411764705, "6": 0.09090909090909091, "7": 0.0, "11": 0.0, "12": 0.0, "14": 0.0, "16": 0.0, "18": 0.0, "19": 0.0}, "girvan_newman": {"0": 0.0, "3": 0.0625, "4": 0.0, "6": 0.0, "8": 0.045454545454545456, "9": 0.0, "11": 0.08333333333333333, "16": 0.0, "19": 0.0}, "2_edge_current_flow_betweenness_partition": {"19": 0.0}, "3_edge_current_flow_betweenness_partition": {"16": 0.0, "19": 0.0}, "4_edge_current_flow_betweenness_partition": {"11": 0.19047619047619047, "16": 0.0, "19": 0.0}, "greedy_modularity_communities": {"0": 0.058823529411764705, "1": 0.05, "2": 0.08333333333333333, "3": 0.25, "4": 0.0, "7": 0.0, "8": 0.04, "9": 0.0, "10": 0.11764705882352941, "11": 0.030303030303030304, "12": 0.047619047619047616, "13": 0.0, "14": 0.0, "16": 0.0, "17": 0.0, "18": 0.125}, "louvain_communities": {"0": 0.0, "1": 0.15, "2": 0.045454545454545456, "3": 0.041666666666666664, "4": 0.1, "5": 0.15, "6": 0.0, "7": 0.0, "8": 0.0, "9": 0.0, "10": 0.029411764705882353, "11": 0.0, "12": 0.09523809523809523, "13": 0.0, "15": 0.0, "16": 0.047619047619047616, "17": 0.0, "18": 0.08333333333333333, "19": 0.0}, "kernighan_lin_bisection": {"6": 0.0, "7": 0.0, "12": 0.047619047619047616, "13": 0.0, "17": 0.0, "18": 0.0}}, "distance_": {"2_k_clique_communities": {"0": 0.0, "1": 0.0, "2": 0.05263157894736842, "6": 0.0, "7": 0.0, "8": 0.0, "12": 0.0, "14": 0.0, "17": 0.09090909090909091, "18": 0.0, "19": 0.0}, "3_k_clique_communities": {"12": 0.09090909090909091, "13": 0.07692307692307693, "14": 0.0}, "4_k_clique_communities": {"13": 0.05, "19": 0.0}, "girvan_newman": {"0": 0.0, "1": 0.0, "4": 0.0, "5": 0.0, "6": 0.0, "7": 0.0, "8": 0.0, "9": 0.0, "12": 0.0, "17": 0.09090909090909091, "18": 0.0}, "2_edge_current_flow_betweenness_partition": {"0": 0.0, "1": 0.0, "2": 0.05263157894736842, "4": 0.0, "5": 0.0, "6": 0.0, "7": 0.0, "8": 0.0, "17": 0.09090909090909091, "19": 0.0}, "3_edge_current_flow_betweenness_partition": {"0": 0.0, "1": 0.0, "2": 0.05263157894736842, "4": 0.0, "5": 0.0, "6": 0.0, "7": 0.0, "8": 0.0, "17": 0.09090909090909091, "19": 0.0}, "4_edge_current_flow_betweenness_partition": {"0": 0.0, "1": 0.0, "2": 0.05263157894736842, "4": 0.0, "5": 0.0, "6": 0.0, "7": 0.0, "8": 0.0, "17": 0.09090909090909091, "19": 0.0}, "greedy_modularity_communities": {"0": 0.0, "1": 0.0, "2": 0.09090909090909091, "4": 0.0, "5": 0.0, "6": 0.0, "7": 0.0, "8": 0.0, "9": 0.0, "10": 0.0, "11": 0.0, "12": 0.18181818181818182, "13": 0.0, "14": 0.0, "15": 0.0625, "16": 0.0, "17": 0.0, "18": 0.0, "19": 0.047619047619047616}, "louvain_communities": {"0": 0.0, "1": 0.0, "2": 0.09090909090909091, "4": 0.0, "5": 0.0, "6": 0.0, "7": 0.0, "8": 0.0, "9": 0.05, "10": 0.0, "11": 0.0, "12": 0.18181818181818182, "13": 0.11764705882352941, "14": 0.045454545454545456, "15": 0.0, "16": 0.0, "17": 0.0, "18": 0.0, "19": 0.05555555555555555}, "kernighan_lin_bisection": {}}}, "low_gamma": {"": {"2_k_clique_communities": {"16": 0.0}, "3_k_clique_communities": {"0": 0.0, "1": 0.08, "2": 0.13043478260869565, "3": 0.1111111111111111, "4": 0.05, "7": 0.09090909090909091, "14": 0.08333333333333333, "15": 0.1, "16": 0.05263157894736842, "18": 0.15789473684210525}, "4_k_clique_communities": {"0": 0.2, "1": 0.1, "2": 0.15789473684210525, "3": 0.125, "4": 0.058823529411764705, "5": 0.09523809523809523, "6": 0.045454545454545456, "7": 0.1111111111111111,