{"theta": {"": {"2_k_clique_communities": {}, "3_k_clique_communities": {}, "4_k_clique_communities": {"0": 0.0, "6": 0.0, "7": 0.0}, "girvan_newman": {}, "2_edge_current_flow_betweenness_partition": {}, "3_edge_current_flow_betweenness_partition": {}, "4_edge_current_flow_betweenness_partition": {"15": 0.0}, "greedy_modularity_communities": {"3": 0.0625, "18": 0.0}, "louvain_communities": {"0": 0.034482758620689655, "1": 0.0, "2": 0.02631578947368421, "6": 0.0, "9": 0.10256410256410256, "11": 0.02631578947368421, "13": 0.0, "14": 0.0, "16": 0.05263157894736842, "17": 0.09523809523809523, "18": 0.05555555555555555, "19": 0.05555555555555555}, "kernighan_lin_bisection": {"1": 0.0, "6": 0.0, "7": 0.037037037037037035, "9": 0.0, "10": 0.06451612903225806, "14": 0.07692307692307693, "18": 0.13793103448275862, "19": 0.0}}, "distance_": {"2_k_clique_communities": {}, "3_k_clique_communities": {"0": 0.0, "1": 0.0, "2": 0.0, "3": 0.14285714285714285, "4": 0.0, "5": 0.041666666666666664, "6": 0.0, "7": 0.0, "8": 0.08333333333333333, "14": 0.0, "16": 0.0, "17": 0.0}, "4_k_clique_communities": {"4": 0.0}, "girvan_newman": {}, "2_edge_current_flow_betweenness_partition": {"1": 0.0}, "3_edge_current_flow_betweenness_partition": {"1": 0.0}, "4_edge_current_flow_betweenness_partition": {"1": 0.0}, "greedy_modularity_communities": {"4": 0.07142857142857142, "9": 0.0625, "11": 0.0, "16": 0.0, "18": 0.045454545454545456}, "louvain_communities": {"0": 0.05555555555555555, "5": 0.058823529411764705, "6": 0.038461538461538464, "12": 0.041666666666666664, "13": 0.0, "14": 0.0625, "17": 0.07692307692307693, "19": 0.0625}, "kernighan_lin_bisection": {"1": 0.0, "4": 0.125, "9": 0.0, "11": 0.0, "13": 0.0, "19": 0.05555555555555555}}}, "alpha": {"": {"2_k_clique_communities": {}, "3_k_clique_communities": {}, "4_k_clique_communities": {"3": 0.0, "6": 0.0, "11": 0.0, "12": 0.0, "15": 0.0}, "girvan_newman": {}, "2_edge_current_flow_betweenness_partition": {}, "3_edge_current_flow_betweenness_partition": {"14": 0.0}, "4_edge_current_flow_betweenness_partition": {"14": 0.0}, "greedy_modularity_communities": {"0": 0.0}, "louvain_communities": {"0": 0.02702702702702703, "1": 0.0, "3": 0.02564102564102564, "5": 0.12903225806451613, "6": 0.0625, "7": 0.0, "8": 0.0, "9": 0.0, "10": 0.10810810810810811, "12": 0.03225806451612903, "14": 0.058823529411764705, "17": 0.0, "18": 0.12903225806451613}, "kernighan_lin_bisection": {"3": 0.0, "4": 0.0, "6": 0.0, "9": 0.030303030303030304, "10": 0.0, "13": 0.047619047619047616, "16": 0.0}}, "distance_": {"2_k_clique_communities": {"12": 0.0}, "3_k_clique_communities": {"0": 0.0, "1": 0.0, "3": 0.0, "4": 0.09090909090909091, "7": 0.0, "8": 0.0, "11": 0.0, "12": 0.0, "15": 0.0, "16": 0.0, "17": 0.0, "18": 0.09090909090909091}, "4_k_clique_communities": {"4": 0.0, "6": 0.0, "10": 0.0, "14": 0.0, "18": 0.0, "19": 0.0}, "girvan_newman": {}, "2_edge_current_flow_betweenness_partition": {}, "3_edge_current_flow_betweenness_partition": {}, "4_edge_current_flow_betweenness_partition": {}, "greedy_modularity_communities": {"11": 0.05555555555555555, "12": 0.14285714285714285, "14": 0.0625, "17": 0.16666666666666666}, "louvain_communities": {"0": 0.21428571428571427, "1": 0.0, "2": 0.0, "3": 0.023809523809523808, "4": 0.03225806451612903, "5": 0.045454545454545456, "6": 0.04, "7": 0.08333333333333333, "8": 0.0, "9": 0.0, "10": 0.07317073170731707, "13": 0.075, "14": 0.04, "15": 0.0, "16": 0.0, "18": 0.18181818181818182}, "kernighan_lin_bisection": {"1": 0.0, "3": 0.0, "13": 0.0, "14": 0.02564102564102564, "17": 0.0}}}, "beta": {"": {"2_k_clique_communities": {}, "3_k_clique_communities": {"3": 0.0, "6": 0.0, "11": 0.0, "12": 0.0, "17": 0.043478260869565216, "18": 0.0, "19": 0.0625}, "4_k_clique_communities": {"0": 0.0, "1": 0.0, "2": 0.0, "3": 0.058823529411764705, "5": 0.0, "6": 0.0, "7": 0.08333333333333333, "11": 0.0, "12": 0.0, "14": 0.0, "16": 0.0, "18": 0.0, "19": 0.0}, "girvan_newman": {}, "2_edge_current_flow_betweenness_partition": {"19": 0.0}, "3_edge_current_flow_betweenness_partition": {"16": 0.0, "19": 0.0}, "4_edge_current_flow_betweenness_partition": {"11": 0.19047619047619047, "16": 0.0, "19": 0.0}, "greedy_modularity_communities": {"3": 0.029411764705882353, "6": 0.17647058823529413, "7": 0.0, "14": 0.0, "17": 0.0}, "louvain_communities": {"2": 0.13513513513513514, "3": 0.0625, "4": 0.037037037037037035, "5": 0.034482758620689655, "8": 0.05555555555555555, "9": 0.0, "10": 0.03333333333333333, "12": 0.0, "13": 0.03225806451612903, "14": 0.18181818181818182, "17": 0.043478260869565216, "18": 0.058823529411764705, "19": 0.0}, "kernighan_lin_bisection": {"0": 0.0, "2": 0.07142857142857142, "3": 0.06666666666666667, "4": 0.0, "5": 0.0, "7": 0.12121212121212122, "8": 0.09090909090909091, "10": 0.07692307692307693, "12": 0.07142857142857142, "13": 0.0, "16": 0.0}}, "distance_": {"2_k_clique_communities": {"0": 0.0, "1": 0.0, "2": 0.05263157894736842, "5": 0.0, "7": 0.0, "8": 0.0, "12": 0.0, "14": 0.0, "17": 0.09090909090909091, "18": 0.0, "19": 0.0}, "3_k_clique_communities": {"13": 0.07692307692307693, "14": 0.0}, "4_k_clique_communities": {"13": 0.05, "19": 0.0}, "girvan_newman": {}, "2_edge_current_flow_betweenness_partition": {"0": 0.0, "1": 0.0, "2": 0.05263157894736842, "4": 0.0, "5": 0.0, "6": 0.0, "7": 0.0, "8": 0.0, "17": 0.09090909090909091, "19": 0.0}, "3_edge_current_flow_betweenness_partition": {"0": 0.0, "1": 0.0, "2": 0.05263157894736842, "4": 0.0, "5": 0.0, "6": 0.0, "7": 0.0, "8": 0.0, "17": 0.09090909090909091, "19": 0.0}, "4_edge_current_flow_betweenness_partition": {"0": 0.0, "1": 0.0, "2": 0.05263157894736842, "4": 0.0, "5": 0.0, "6": 0.0, "7": 0.0, "8": 0.0, "17": 0.09090909090909091, "19": 0.0}, "greedy_modularity_communities": {"1": 0.06666666666666667, "3": 0.05555555555555555, "4": 0.0, "6": 0.16666666666666666, "7": 0.0625, "8": 0.08333333333333333, "9": 0.058823529411764705, "13": 0.0, "14": 0.0, "16": 0.05263157894736842, "17": 0.058823529411764705, "19": 0.0}, "louvain_communities": {"0": 0.0625, "1": 0.0, "2": 0.10714285714285714, "3": 0.16666666666666666, "4": 0.06666666666666667, "5": 0.0625, "6": 0.0, "7": 0.0, "9": 0.06666666666666667, "10": 0.05405405405405406, "12": 0.0, "13": 0.08, "16": 0.10526315789473684, "17": 0.034482758620689655, "18": 0.05}, "kernighan_lin_bisection": {"2": 0.06666666666666667, "3": 0.0, "4": 0.0, "10": 0.07142857142857142, "13": 0.08823529411764706, "17": 0.09090909090909091}}}, "low_gamma": {"": {"2_k_clique_communities": {"16": 0.0}, "3_k_clique_communities": {"0": 0.0, "1": 0.0, "2": 0.12, "3": 0.1111111111111111, "4": 0.09523809523809523, "7": 0.09090909090909091, "14": 0.07692307692307693, "15": 0.1, "16": 0.05263157894736842, "18": 0.15789473684210525}, "4_k_clique_communities": {"0": 0.0, "1": 0.1, "2": 0.15789473684210525, "3": 0.0, "4": 0.11764705882352941, "5": 0.0, "6": 0.045454545454545456, "7": 0.1111111111111111, "8": 0.11764705882352941, "9": 0.0, "11": 0.0, "12": 0.05263157894736842, "14": 0.08695652173913043, "15": 0.09523809523809523, "16": 0.0, "18": 0.09090909090909091}, "girvan_newman": {}, "2_edge_current_flow_betweenness_partition": {"19": 0.08571428571428572}, "3_edge_current_flow_betweenness_partition": {"19": 0.08571428571428572}, "4_edge_current_flow_betweenness_partition": {"19": 0.08571428571428572}, "greedy_modularity_communities": {"1": 0.0, "4": 0.0, "11": 0.09090909090909091, "17": 0.0}, "louvain_communities": {"0": 0.0, "1": 0.06451612903225806, "4": 0.05405405405405406, "5": 0.1111111111111111, "9": 0.0, "11": 0.09090909090909091, "13": 0.045454545454545456, "16": 0.0625, "18": 0.15625}, "kernighan_lin_bisection": {"4": 0.027777777777777776, "6": 0.05, "7": 0.0, "10": 0.0, "12": 0.0, "13": 0.0, "14": 0.11428571428571428, "15": 0.047619047619047616}}, "distance_": {"2_k_clique_communities": {"0": 0.125, "1": 0.0, "3": 0.0, "5": 0.05263157894736842, "13": 0.0, "16": 0.045454545454545456, "17": 0.0, "18": 0.0}, "3_k_clique_communities": {"7": 0.125,