{"high_gamma1": {"": {"girvan_newman": {"0": 0.2, "1": 0.15384615384615385, "2": 0.19230769230769232, "3": 0.13043478260869565, "4": 0.19230769230769232, "6": 0.19230769230769232, "7": 0.12, "8": 0.14285714285714285, "9": 0.15384615384615385, "11": 0.04, "12": 0.1, "13": 0.11538461538461539, "14": 0.15384615384615385, "15": 0.19230769230769232, "16": 0.125, "17": 0.05555555555555555, "18": 0.1111111111111111, "19": 0.05555555555555555}}, "distance_": {"girvan_newman": {"2": 0.0, "9": 0.125, "12": 0.05, "14": 0.11538461538461539, "18": 0.041666666666666664, "19": 0.08333333333333333}}}}