{"high_gamma1": {"": {"girvan_newman": {"0": 0.2, "13": 0.0, "17": 0.0}}, "distance_": {"girvan_newman": {"9": 0.11764705882352941, "14": 0.0, "18": 0.1, "19": 0.11764705882352941}}}}