{"low_gamma": {"distance_": {"girvan_newman": [0.2, 0.19047619047619047, 0.2619047619047619, 0.16666666666666666, 0.2391304347826087, 0.09523809523809523, 0.09090909090909091, 0.14102564102564102, 0.1875, 0.15789473684210525, 0.23809523809523808, 0.09090909090909091, 0.09243697478991597, 0.15384615384615385, 0.09090909090909091, 0.23076923076923078, 0.24, 0.16666666666666666, 0.125, 0.09090909090909091, 0.09803921568627451, 0.16666666666666666, 0.21428571428571427, 0.26666666666666666], "2_k_clique_communities": [0.22857142857142856, 0.2608695652173913, 0.21153846153846154, 0.10204081632653061, 0.22448979591836735, 0.09090909090909091, 0.0970873786407767, 0.12941176470588237, 0.16363636363636364, 0.13333333333333333, 0.23809523809523808, 0.09016393442622951, 0.09166666666666666, 0.15384615384615385, 0.1232876712328767, 0.23076923076923078, 0.16666666666666666, 0.16666666666666666, 0.11666666666666667, 0.3125, 0.09523809523809523, 0.14285714285714285, 0.21428571428571427, 0.26666666666666666], "3_k_clique_communities": [0.09016393442622951, 0.2857142857142857, 0.25, 0.08547008547008547, 0.4074074074074074, 0.09016393442622951, 0.09016393442622951, 0.3333333333333333, 0.32, 0.09016393442622951, 0.09734513274336283, 0.09016393442622951, 0.08695652173913043, 0.09230769230769231, 0.09090909090909091, 0.09016393442622951, 0.09821428571428571, 0.09016393442622951, 0.09016393442622951, 0.3157894736842105, 0.11764705882352941, 0.13636363636363635, 0.09016393442622951, 0.09016393442622951], "4_k_clique_communities": [0.09016393442622951, 0.09016393442622951, 0.17647058823529413, 0.09016393442622951, 0.38095238095238093, 0.09016393442622951, 0.09016393442622951, 0.42105263157894735, 0.36363636363636365, 0.09016393442622951, 0.09401709401709402, 0.09016393442622951, 0.09345794392523364, 0.09090909090909091, 0.09401709401709402, 0.09016393442622951, 0.09016393442622951, 0.09016393442622951, 0.09016393442622951, 0.2608695652173913, 0.09016393442622951, 0.2, 0.09016393442622951, 0.09016393442622951]}}, "high_gamma1": {"distance_": {"girvan_newman": [0.09090909090909091, 0.09090909090909091, 0.6, 0.09090909090909091, 0.35294117647058826, 0.09090909090909091, 0.09090909090909091, 0.09090909090909091, 0.5, 0.16666666666666666, 0.09090909090909091, 0.09090909090909091, 0.09090909090909091, 0.09090909090909091, 0.09090909090909091, 0.09090909090909091, 0.09090909090909091, 0.09090909090909091, 0.14285714285714285, 0.09090909090909091, 0.09565217391304348, 0.09090909090909091, 0.09090909090909091, 0.09090909090909091], "2_k_clique_communities": [0.16666666666666666, 0.09016393442622951, 0.5625, 0.0847457627118644, 0.42105263157894735, 0.09016393442622951, 0.08547008547008547, 0.1111111111111111, 0.47058823529411764, 0.16666666666666666, 0.09016393442622951, 0.09016393442622951, 0.08695652173913043, 0.09090909090909091, 0.09016393442622951, 0.09016393442622951, 0.09016393442622951, 0.09016393442622951, 0.140625, 0.09016393442622951, 0.09482758620689655, 0.09016393442622951, 0.09016393442622951, 0.09016393442622951], "3_k_clique_communities": [0.09016393442622951, 0.09016393442622951, 0.09016393442622951, 0.09016393442622951, 0.09016393442622951, 0.09016393442622951, 0.09016393442622951, 0.09016393442622951, 0.09016393442622951, 0.09016393442622951, 0.09016393442622951, 0.09016393442622951, 0.08333333333333333, 0.09090909090909091, 0.09016393442622951, 0.09016393442622951, 0.09016393442622951, 0.09016393442622951, 0.09016393442622951, 0.09016393442622951, 0.11363636363636363, 0.09016393442622951, 0.09016393442622951, 0.09016393442622951], "4_k_clique_communities": [0.09016393442622951, 0.09016393442622951, 0.09016393442622951, 0.09016393442622951, 0.09016393442622951, 0.09016393442622951, 0.09016393442622951, 0.09016393442622951, 0.09016393442622951, 0.09016393442622951, 0.09016393442622951, 0.09016393442622951, 0.08333333333333333, 0.09090909090909091, 0.09016393442622951, 0.09016393442622951, 0.09016393442622951, 0.09016393442622951, 0.09016393442622951, 0.09016393442622951, 0.13846153846153847, 0.09016393442622951, 0.09016393442622951, 0.09016393442622951]}}}