{"theta": {"": {"2_k_clique_communities": {}, "3_k_clique_communities": {}, "4_k_clique_communities": {}, "girvan_newman": {}, "2_edge_current_flow_betweenness_partition": {}, "3_edge_current_flow_betweenness_partition": {}, "4_edge_current_flow_betweenness_partition": {}, "greedy_modularity_communities": {"0": 0.05, "1": 0.0, "5": 0.0, "6": 0.0, "7": 0.0, "8": 0.07142857142857142, "9": 0.0, "10": 0.058823529411764705, "11": 0.0, "12": 0.05555555555555555, "13": 0.0, "14": 0.09090909090909091, "15": 0.15384615384615385, "17": 0.0, "19": 0.038461538461538464}, "louvain_communities": {"0": 0.0, "1": 0.0, "2": 0.0, "3": 0.03571428571428571, "4": 0.10714285714285714, "5": 0.041666666666666664, "7": 0.08333333333333333, "8": 0.0, "13": 0.0, "14": 0.0, "16": 0.029411764705882353, "17": 0.08, "18": 0.0, "19": 0.0}, "kernighan_lin_bisection": {"1": 0.04, "2": 0.0, "3": 0.0, "6": 0.0, "7": 0.0, "10": 0.0, "12": 0.0, "15": 0.0}}, "distance_": {"2_k_clique_communities": {}, "3_k_clique_communities": {}, "4_k_clique_communities": {}, "girvan_newman": {}, "2_edge_current_flow_betweenness_partition": {}, "3_edge_current_flow_betweenness_partition": {}, "4_edge_current_flow_betweenness_partition": {}, "greedy_modularity_communities": {"7": 0.0, "8": 0.05, "9": 0.0, "17": 0.0, "18": 0.07142857142857142}, "louvain_communities": {"0": 0.02631578947368421, "1": 0.0, "3": 0.0, "4": 0.04, "6": 0.0, "7": 0.024390243902439025, "8": 0.1111111111111111, "9": 0.0625, "11": 0.05555555555555555, "12": 0.08333333333333333, "13": 0.05714285714285714, "14": 0.13157894736842105, "15": 0.1, "16": 0.037037037037037035, "17": 0.0, "18": 0.05555555555555555, "19": 0.125}, "kernighan_lin_bisection": {"0": 0.0, "1": 0.03333333333333333, "2": 0.0, "3": 0.0, "4": 0.0, "5": 0.09523809523809523, "6": 0.0, "7": 0.0, "8": 0.0, "9": 0.18181818181818182, "13": 0.08571428571428572, "15": 0.07692307692307693, "16": 0.047619047619047616, "17": 0.1111111111111111, "18": 0.0}}}, "alpha": {"": {"2_k_clique_communities": {}, "3_k_clique_communities": {}, "4_k_clique_communities": {}, "girvan_newman": {}, "2_edge_current_flow_betweenness_partition": {}, "3_edge_current_flow_betweenness_partition": {}, "4_edge_current_flow_betweenness_partition": {}, "greedy_modularity_communities": {"2": 0.0, "3": 0.13793103448275862, "5": 0.13043478260869565, "6": 0.07142857142857142, "7": 0.07407407407407407, "9": 0.08333333333333333, "10": 0.0, "11": 0.0, "12": 0.0, "13": 0.06666666666666667, "14": 0.0, "15": 0.038461538461538464, "19": 0.0}, "louvain_communities": {"0": 0.05555555555555555, "1": 0.0, "2": 0.0, "3": 0.06451612903225806, "5": 0.0, "7": 0.041666666666666664, "8": 0.0, "9": 0.0, "10": 0.0, "11": 0.0, "12": 0.0, "13": 0.0, "14": 0.0, "16": 0.0, "19": 0.08695652173913043}, "kernighan_lin_bisection": {"0": 0.07692307692307693, "1": 0.047619047619047616, "3": 0.1111111111111111, "7": 0.045454545454545456, "11": 0.0}}, "distance_": {"2_k_clique_communities": {}, "3_k_clique_communities": {}, "4_k_clique_communities": {}, "girvan_newman": {}, "2_edge_current_flow_betweenness_partition": {}, "3_edge_current_flow_betweenness_partition": {}, "4_edge_current_flow_betweenness_partition": {}, "greedy_modularity_communities": {"2": 0.0, "3": 0.058823529411764705, "5": 0.03225806451612903, "6": 0.08695652173913043, "7": 0.0, "8": 0.06896551724137931, "11": 0.14285714285714285, "13": 0.08333333333333333, "15": 0.0, "17": 0.06666666666666667}, "louvain_communities": {"2": 0.0967741935483871, "3": 0.041666666666666664, "4": 0.14814814814814814, "5": 0.03125, "6": 0.0, "7": 0.0, "8": 0.05263157894736842, "12": 0.07894736842105263, "13": 0.0, "14": 0.0, "15": 0.1388888888888889, "16": 0.0, "17": 0.0, "18": 0.0, "19": 0.02702702702702703}, "kernighan_lin_bisection": {"0": 0.0, "1": 0.0, "2": 0.0, "5": 0.05263157894736842, "6": 0.07142857142857142, "7": 0.0, "8": 0.0, "9": 0.0, "10": 0.05555555555555555, "11": 0.0, "12": 0.058823529411764705, "13": 0.0, "15": 0.0, "16": 0.08333333333333333, "18": 0.06666666666666667, "19": 0.05263157894736842}}}, "beta": {"": {"2_k_clique_communities": {}, "3_k_clique_communities": {}, "4_k_clique_communities": {}, "girvan_newman": {}, "2_edge_current_flow_betweenness_partition": {}, "3_edge_current_flow_betweenness_partition": {}, "4_edge_current_flow_betweenness_partition": {}, "greedy_modularity_communities": {"1": 0.10526315789473684, "4": 0.15789473684210525, "7": 0.09090909090909091, "8": 0.0, "14": 0.0, "16": 0.0, "17": 0.14285714285714285, "18": 0.14285714285714285, "19": 0.14285714285714285}, "louvain_communities": {"0": 0.0, "1": 0.03125, "3": 0.0, "5": 0.0, "6": 0.0, "7": 0.08333333333333333, "8": 0.14285714285714285, "10": 0.0, "12": 0.0, "13": 0.0, "14": 0.0, "15": 0.125, "17": 0.11764705882352941, "19": 0.0}, "kernighan_lin_bisection": {"2": 0.1, "3": 0.0, "4": 0.0, "7": 0.06666666666666667, "8": 0.0, "9": 0.0, "10": 0.06666666666666667, "12": 0.07894736842105263, "13": 0.0, "15": 0.0, "18": 0.047619047619047616}}, "distance_": {"2_k_clique_communities": {}, "3_k_clique_communities": {}, "4_k_clique_communities": {}, "girvan_newman": {}, "2_edge_current_flow_betweenness_partition": {}, "3_edge_current_flow_betweenness_partition": {}, "4_edge_current_flow_betweenness_partition": {}, "greedy_modularity_communities": {"0": 0.08333333333333333, "12": 0.0}, "louvain_communities": {"0": 0.03225806451612903, "2": 0.02857142857142857, "3": 0.09375, "4": 0.0625, "5": 0.045454545454545456, "6": 0.029411764705882353, "7": 0.06666666666666667, "8": 0.0, "9": 0.11538461538461539, "10": 0.0, "11": 0.0, "12": 0.07142857142857142, "13": 0.09090909090909091, "14": 0.03225806451612903, "15": 0.06451612903225806, "16": 0.0625, "17": 0.13333333333333333, "18": 0.04, "19": 0.0}, "kernighan_lin_bisection": {"0": 0.0, "1": 0.034482758620689655, "2": 0.03571428571428571, "3": 0.06666666666666667, "4": 0.06451612903225806, "5": 0.09523809523809523, "6": 0.10714285714285714, "8": 0.07692307692307693, "9": 0.08333333333333333, "10": 0.0, "11": 0.06896551724137931, "12": 0.03225806451612903, "13": 0.0, "14": 0.1935483870967742, "15": 0.03125, "17": 0.06451612903225806, "18": 0.0, "19": 0.05263157894736842}}}, "low_gamma": {"": {"2_k_clique_communities": {}, "3_k_clique_communities": {}, "4_k_clique_communities": {}, "girvan_newman": {"2": 0.08571428571428572, "10": 0.09375, "11": 0.0, "14": 0.08571428571428572}, "2_edge_current_flow_betweenness_partition": {}, "3_edge_current_flow_betweenness_partition": {}, "4_edge_current_flow_betweenness_partition": {}, "greedy_modularity_communities": {"2": 0.0, "3": 0.0, "4": 0.025, "5": 0.0, "7": 0.0, "8": 0.0, "10": 0.047619047619047616, "13": 0.0, "17": 0.13513513513513514, "19": 0.0}, "louvain_communities": {"0": 0.0, "1": 0.0, "2": 0.08333333333333333, "3": 0.0, "4": 0.0, "5": 0.0, "7": 0.0, "8": 0.0, "9": 0.0, "10": 0.0, "11": 0.0, "12": 0.0, "13": 0.0, "14": 0.0, "15": 0.0, "16": 0.0, "17": 0.0, "18": 0.08108108108108109, "19": 0.0}, "kernighan_lin_bisection": {"2": 0.11428571428571428, "4": 0.02631578947368421, "6": 0.0, "9": 0.02631578947368421, "14": 0.05263157894736842, "16": 0.0, "17": 0.0, "18": 0.0}}, "distance_": {"2_k_clique_communities": {}, "3_k_clique_communities": {}, "4_k_clique_communities": {}, "girvan_newman": {}, "2_edge_current_flow_betweenness_partition": {}, "3_edge_current_flow_betweenness_partition": {}, "4_edge_current_flow_betweenness_partition": {}, "greedy_modularity_communities": {}, "louvain_communities": {"2": 0.0, "4": 0.05555555555555555, "5": 0.05263157894736842, "7": 0.0, "15": 0.0, "16": 0.10526315789473684, "17": 0.07142857142857142, "18": 0.0}, "kernighan_lin_bisection": {"4": 0.045454545454545456, "5": 0.09090909090909091, "6": 0.0, "9": 0.0, "10": 0.0, "15": 0.0}}}, "high_gamma1": {"": {"2_k_clique_communities": {}, "3_k_clique_communities": {}, "4_k_clique_communities": {}, "girvan_newman": {"0": 0.08571428571428572, "1": 0.0, "2": 0.0, "3": 0.0, "4": 0.0, "5": 0.0, "6": 0.0, "7": 0.0, "8": 0.0, "9": 0.0, "10": 0.0,