{"low_gamma": {"distance_": {"girvan_newman": {"0": 0.0, "1": 0.0, "2": 0.0, "3": 0.0, "4": 0.0, "6": 0.0, "12": 0.2, "13": 0.0, "14": 0.0, "15": 0.1, "17": 0.0, "18": 0.0, "19": 0.0}, "2_k_clique_communities": {"0": 0.07692307692307693, "1": 0.0, "3": 0.0, "13": 0.0, "17": 0.0}, "3_k_clique_communities": {"0": 0.0, "2": 0.0, "4": 0.4666666666666667, "10": 0.0}, "4_k_clique_communities": {"2": 0.15384615384615385, "4": 0.5}}}, "high_gamma1": {"distance_": {"girvan_newman": {"2": 0.3076923076923077, "5": 0.5, "6": 0.15789473684210525, "13": 0.07142857142857142}, "2_k_clique_communities": {"2": 0.38461538461538464, "4": 0.25, "5": 0.4782608695652174, "6": 0.15}, "3_k_clique_communities": {}, "4_k_clique_communities": {}}}}