{"theta": {"": {"2_k_clique_communities": {}, "3_k_clique_communities": {}, "4_k_clique_communities": {}, "girvan_newman": {}, "2_edge_current_flow_betweenness_partition": {}, "3_edge_current_flow_betweenness_partition": {}, "4_edge_current_flow_betweenness_partition": {}, "greedy_modularity_communities": {"1": 0.058823529411764705, "7": 0.0, "8": 0.0, "10": 0.1111111111111111, "17": 0.06666666666666667}, "louvain_communities": {"1": 0.3684210526315789, "3": 0.0, "5": 0.0, "6": 0.08695652173913043, "7": 0.0, "8": 0.0, "9": 0.12, "11": 0.023809523809523808, "12": 0.0, "13": 0.0, "15": 0.045454545454545456, "16": 0.06451612903225806, "17": 0.06896551724137931, "18": 0.07317073170731707}, "kernighan_lin_bisection": {"1": 0.3888888888888889, "8": 0.17647058823529413, "10": 0.07317073170731707}}, "distance_": {"2_k_clique_communities": {}, "3_k_clique_communities": {}, "4_k_clique_communities": {}, "girvan_newman": {}, "2_edge_current_flow_betweenness_partition": {}, "3_edge_current_flow_betweenness_partition": {}, "4_edge_current_flow_betweenness_partition": {}, "greedy_modularity_communities": {"11": 0.0}, "louvain_communities": {"1": 0.17142857142857143, "4": 0.10810810810810811, "7": 0.09090909090909091, "10": 0.14285714285714285, "11": 0.022727272727272728, "12": 0.0, "17": 0.125, "18": 0.11428571428571428}, "kernighan_lin_bisection": {"1": 0.18181818181818182, "4": 0.0, "10": 0.1111111111111111}}}, "alpha": {"": {"2_k_clique_communities": {}, "3_k_clique_communities": {}, "4_k_clique_communities": {}, "girvan_newman": {}, "2_edge_current_flow_betweenness_partition": {}, "3_edge_current_flow_betweenness_partition": {}, "4_edge_current_flow_betweenness_partition": {}, "greedy_modularity_communities": {"4": 0.05263157894736842, "11": 0.0, "12": 0.125, "15": 0.4, "19": 0.0}, "louvain_communities": {"0": 0.03125, "2": 0.04, "3": 0.0, "4": 0.0, "5": 0.0, "6": 0.3333333333333333, "7": 0.26666666666666666, "8": 0.02564102564102564, "10": 0.25925925925925924, "11": 0.0, "12": 0.024390243902439025, "13": 0.0, "14": 0.0, "15": 0.2702702702702703, "16": 0.0, "17": 0.08108108108108109, "18": 0.0, "19": 0.024390243902439025}, "kernighan_lin_bisection": {"15": 0.0, "16": 0.0}}, "distance_": {"2_k_clique_communities": {}, "3_k_clique_communities": {}, "4_k_clique_communities": {}, "girvan_newman": {}, "2_edge_current_flow_betweenness_partition": {}, "3_edge_current_flow_betweenness_partition": {}, "4_edge_current_flow_betweenness_partition": {}, "greedy_modularity_communities": {}, "louvain_communities": {"2": 0.0, "4": 0.08823529411764706, "5": 0.0, "7": 0.0, "10": 0.0967741935483871, "11": 0.0, "12": 0.04878048780487805, "14": 0.0, "15": 0.0, "16": 0.09090909090909091, "17": 0.0, "18": 0.09375, "19": 0.0}, "kernighan_lin_bisection": {"12": 0.35294117647058826, "14": 0.0, "16": 0.0, "17": 0.06666666666666667}}}, "beta": {"": {"2_k_clique_communities": {}, "3_k_clique_communities": {}, "4_k_clique_communities": {}, "girvan_newman": {}, "2_edge_current_flow_betweenness_partition": {}, "3_edge_current_flow_betweenness_partition": {}, "4_edge_current_flow_betweenness_partition": {}, "greedy_modularity_communities": {"1": 0.07692307692307693, "8": 0.0625}, "louvain_communities": {"0": 0.07317073170731707, "1": 0.0, "2": 0.05263157894736842, "4": 0.058823529411764705, "5": 0.0, "8": 0.0, "10": 0.05128205128205128, "11": 0.0, "12": 0.2, "13": 0.25, "14": 0.18181818181818182, "15": 0.0, "16": 0.0, "17": 0.0, "18": 0.0, "19": 0.0625}, "kernighan_lin_bisection": {"0": 0.03571428571428571, "8": 0.058823529411764705, "12": 0.07142857142857142, "15": 0.0, "16": 0.125}}, "distance_": {"2_k_clique_communities": {}, "3_k_clique_communities": {}, "4_k_clique_communities": {}, "girvan_newman": {}, "2_edge_current_flow_betweenness_partition": {}, "3_edge_current_flow_betweenness_partition": {}, "4_edge_current_flow_betweenness_partition": {}, "greedy_modularity_communities": {"6": 0.0}, "louvain_communities": {"0": 0.0, "1": 0.0, "2": 0.19230769230769232, "3": 0.15789473684210525, "4": 0.020833333333333332, "5": 0.0, "6": 0.0, "8": 0.16666666666666666, "10": 0.0, "15": 0.0, "16": 0.10810810810810811, "17": 0.044444444444444446, "18": 0.0}, "kernighan_lin_bisection": {"0": 0.0, "6": 0.0, "8": 0.0, "16": 0.038461538461538464}}}, "low_gamma": {"": {"2_k_clique_communities": {}, "3_k_clique_communities": {}, "4_k_clique_communities": {}, "girvan_newman": {}, "2_edge_current_flow_betweenness_partition": {}, "3_edge_current_flow_betweenness_partition": {}, "4_edge_current_flow_betweenness_partition": {}, "greedy_modularity_communities": {"1": 0.0, "3": 0.045454545454545456, "6": 0.0, "13": 0.0, "16": 0.0}, "louvain_communities": {"2": 0.0, "3": 0.04878048780487805, "5": 0.024390243902439025, "6": 0.13513513513513514, "7": 0.0, "8": 0.030303030303030304, "10": 0.03571428571428571, "13": 0.3448275862068966, "17": 0.15384615384615385}, "kernighan_lin_bisection": {"3": 0.027777777777777776, "4": 0.0, "8": 0.0, "16": 0.07142857142857142, "17": 0.0}}, "distance_": {"2_k_clique_communities": {}, "3_k_clique_communities": {}, "4_k_clique_communities": {}, "girvan_newman": {}, "2_edge_current_flow_betweenness_partition": {}, "3_edge_current_flow_betweenness_partition": {}, "4_edge_current_flow_betweenness_partition": {}, "greedy_modularity_communities": {}, "louvain_communities": {"1": 0.0, "2": 0.03225806451612903, "3": 0.05405405405405406, "4": 0.0, "5": 0.024390243902439025, "6": 0.058823529411764705, "8": 0.15789473684210525, "9": 0.0, "10": 0.07692307692307693, "13": 0.0, "16": 0.1, "17": 0.22857142857142856}, "kernighan_lin_bisection": {"1": 0.0625, "2": 0.0, "3": 0.0625, "4": 0.0, "6": 0.058823529411764705, "13": 0.0, "16": 0.1875, "17": 0.05263157894736842}}}, "high_gamma1": {"": {"2_k_clique_communities": {}, "3_k_clique_communities": {}, "4_k_clique_communities": {}, "girvan_newman": {"11": 0.3333333333333333}, "2_edge_current_flow_betweenness_partition": {}, "3_edge_current_flow_betweenness_partition": {}, "4_edge_current_flow_betweenness_partition": {}, "greedy_modularity_communities": {"11": 0.3333333333333333}, "louvain_communities": {"5": 0.058823529411764705, "10": 0.3888888888888889, "11": 0.3333333333333333, "12": 0.6666666666666666}, "kernighan_lin_bisection": {}}, "distance_": {"2_k_clique_communities": {}, "3_k_clique_communities": {}, "4_k_clique_communities": {}, "girvan_newman": {}, "2_edge_current_flow_betweenness_partition": {}, "3_edge_current_flow_betweenness_partition": {}, "4_edge_current_flow_betweenness_partition": {}, "greedy_modularity_communities": {}, "louvain_communities": {"9": 0.27586206896551724}, "kernighan_lin_bisection": {"13": 0.0}}}}