{"theta": {"": {"girvan_newman": {}, "2_edge_current_flow_betweenness_partition": {}, "3_edge_current_flow_betweenness_partition": {}, "4_edge_current_flow_betweenness_partition": {"3": 0.0}, "greedy_modularity_communities": {"0": 0.13333333333333333, "3": 0.0, "7": 0.18518518518518517}, "louvain_communities": {"0": 0.1111111111111111, "2": 0.0, "3": 0.0, "4": 0.1875, "5": 0.14285714285714285, "6": 0.08571428571428572, "7": 0.0, "8": 0.05714285714285714}, "kernighan_lin_bisection": {"0": 0.045454545454545456, "2": 0.3, "5": 0.05128205128205128, "6": 0.17647058823529413, "7": 0.08823529411764706, "9": 0.05}}, "distance_": {"girvan_newman": {}, "2_edge_current_flow_betweenness_partition": {"0": 0.0, "2": 0.0}, "3_edge_current_flow_betweenness_partition": {"0": 0.0, "2": 0.0}, "4_edge_current_flow_betweenness_partition": {"0": 0.0, "2": 0.0}, "greedy_modularity_communities": {"4": 0.05555555555555555, "6": 0.041666666666666664, "9": 0.1111111111111111}, "louvain_communities": {"0": 0.06896551724137931, "1": 0.0, "2": 0.0, "3": 0.25, "5": 0.034482758620689655, "7": 0.0, "8": 0.0}, "kernighan_lin_bisection": {"4": 0.0, "7": 0.0, "9": 0.0}}}, "alpha": {"": {"girvan_newman": {}, "2_edge_current_flow_betweenness_partition": {}, "3_edge_current_flow_betweenness_partition": {}, "4_edge_current_flow_betweenness_partition": {}, "greedy_modularity_communities": {"0": 0.047619047619047616, "7": 0.06666666666666667}, "louvain_communities": {"0": 0.0, "1": 0.14285714285714285, "2": 0.041666666666666664, "3": 0.05555555555555555, "4": 0.0625, "5": 0.046511627906976744, "7": 0.0}, "kernighan_lin_bisection": {}}, "distance_": {"girvan_newman": {}, "2_edge_current_flow_betweenness_partition": {}, "3_edge_current_flow_betweenness_partition": {}, "4_edge_current_flow_betweenness_partition": {}, "greedy_modularity_communities": {"0": 0.0, "1": 0.04, "3": 0.045454545454545456, "5": 0.06060606060606061, "8": 0.0}, "louvain_communities": {"0": 0.05, "1": 0.0, "3": 0.037037037037037035, "4": 0.06060606060606061, "5": 0.07692307692307693, "9": 0.0}, "kernighan_lin_bisection": {"5": 0.07692307692307693, "6": 0.0}}}, "beta": {"": {"girvan_newman": {}, "2_edge_current_flow_betweenness_partition": {}, "3_edge_current_flow_betweenness_partition": {}, "4_edge_current_flow_betweenness_partition": {}, "greedy_modularity_communities": {"0": 0.08, "1": 0.034482758620689655, "5": 0.0, "7": 0.1, "8": 0.0}, "louvain_communities": {"0": 0.0, "1": 0.041666666666666664, "2": 0.034482758620689655, "3": 0.0, "5": 0.20588235294117646, "7": 0.21428571428571427, "9": 0.07692307692307693}, "kernighan_lin_bisection": {"8": 0.0}}, "distance_": {"girvan_newman": {"0": 0.0}, "2_edge_current_flow_betweenness_partition": {"0": 0.0, "1": 0.0, "8": 0.0}, "3_edge_current_flow_betweenness_partition": {"0": 0.0, "1": 0.0, "8": 0.0}, "4_edge_current_flow_betweenness_partition": {"0": 0.0, "1": 0.0, "8": 0.0}, "greedy_modularity_communities": {"0": 0.043478260869565216, "1": 0.14285714285714285, "2": 0.043478260869565216, "3": 0.0, "4": 0.07692307692307693, "6": 0.0, "8": 0.09523809523809523}, "louvain_communities": {"0": 0.0, "1": 0.09523809523809523, "2": 0.0, "3": 0.0, "4": 0.15384615384615385, "5": 0.0, "6": 0.0, "7": 0.0625, "8": 0.0, "9": 0.0}, "kernighan_lin_bisection": {"2": 0.05}}}, "low_gamma": {"": {"girvan_newman": {"0": 0.0, "9": 0.06451612903225806}, "2_edge_current_flow_betweenness_partition": {"0": 0.08571428571428572, "1": 0.13043478260869565, "8": 0.0}, "3_edge_current_flow_betweenness_partition": {"0": 0.08571428571428572, "1": 0.13043478260869565, "8": 0.0, "9": 0.08571428571428572}, "4_edge_current_flow_betweenness_partition": {"0": 0.08571428571428572, "1": 0.13043478260869565, "8": 0.0, "9": 0.08571428571428572}, "greedy_modularity_communities": {"0": 0.0, "3": 0.0, "5": 0.0, "7": 0.0, "8": 0.0, "9": 0.08108108108108109}, "louvain_communities": {"0": 0.0, "1": 0.0, "2": 0.15151515151515152, "3": 0.0, "4": 0.0, "6": 0.05555555555555555, "7": 0.0, "8": 0.15625, "9": 0.08571428571428572}, "kernighan_lin_bisection": {"3": 0.11764705882352941, "9": 0.13333333333333333}}, "distance_": {"girvan_newman": {"0": 0.06666666666666667}, "2_edge_current_flow_betweenness_partition": {"0": 0.15789473684210525, "1": 0.0, "2": 0.0, "7": 0.0, "8": 0.0}, "3_edge_current_flow_betweenness_partition": {"0": 0.15789473684210525, "1": 0.0, "2": 0.0, "7": 0.0, "8": 0.0}, "4_edge_current_flow_betweenness_partition": {"0": 0.15789473684210525, "1": 0.0, "2": 0.0, "7": 0.0, "8": 0.0}, "greedy_modularity_communities": {"0": 0.06666666666666667, "1": 0.045454545454545456, "2": 0.125, "4": 0.0, "7": 0.07142857142857142, "8": 0.07142857142857142, "9": 0.058823529411764705}, "louvain_communities": {"0": 0.06666666666666667, "1": 0.0, "2": 0.0, "3": 0.03125, "7": 0.0, "8": 0.0, "9": 0.08571428571428572}, "kernighan_lin_bisection": {"9": 0.07692307692307693}}}, "high_gamma1": {"": {"girvan_newman": {"0": 0.07894736842105263, "2": 0.08823529411764706, "3": 0.08571428571428572, "4": 0.08571428571428572, "5": 0.08571428571428572, "7": 0.0, "8": 0.08571428571428572}, "2_edge_current_flow_betweenness_partition": {"0": 0.08571428571428572, "2": 0.10344827586206896, "3": 0.09090909090909091, "4": 0.09375, "5": 0.0967741935483871, "6": 0.1, "7": 0.0967741935483871, "8": 0.07142857142857142, "9": 0.08571428571428572}, "3_edge_current_flow_betweenness_partition": {"0": 0.08571428571428572, "1": 0.0, "2": 0.10344827586206896, "3": 0.09090909090909091, "4": 0.09375, "5": 0.0967741935483871, "6": 0.1, "7": 0.0967741935483871, "8": 0.07142857142857142, "9": 0.08571428571428572}, "4_edge_current_flow_betweenness_partition": {"0": 0.08571428571428572, "1": 0.0, "2": 0.10344827586206896, "3": 0.09090909090909091, "4": 0.09375, "5": 0.0967741935483871, "6": 0.1, "7": 0.0967741935483871, "8": 0.07142857142857142, "9": 0.08571428571428572}, "greedy_modularity_communities": {"0": 0.08571428571428572, "1": 0.0, "2": 0.08571428571428572, "3": 0.0, "4": 0.08571428571428572, "5": 0.0, "6": 0.0, "7": 0.0, "8": 0.0, "9": 0.08571428571428572}, "louvain_communities": {"0": 0.0, "1": 0.15151515151515152, "2": 0.08571428571428572, "3": 0.0, "4": 0.0, "5": 0.0, "6": 0.0, "7": 0.0, "8": 0.0, "9": 0.0}, "kernighan_lin_bisection": {}}, "distance_": {"girvan_newman": {"3": 0.09090909090909091, "4": 0.13636363636363635}, "2_edge_current_flow_betweenness_partition": {"0": 0.1111111111111111, "9": 0.10714285714285714}, "3_edge_current_flow_betweenness_partition": {"0": 0.1111111111111111, "9": 0.10714285714285714}, "4_edge_current_flow_betweenness_partition": {"0": 0.1111111111111111, "9": 0.10714285714285714}, "greedy_modularity_communities": {"1": 0.2, "2": 0.030303030303030304, "3": 0.09090909090909091, "4": 0.10526315789473684, "5": 0.1111111111111111, "6": 0.15789473684210525, "7": 0.1111111111111111, "8": 0.1111111111111111, "9": 0.08333333333333333}, "louvain_communities": {"1": 0.2, "2": 0.10526315789473684, "3": 0.09090909090909091, "4": 0.0, "5": 0.1111111111111111, "6": 0.15789473684210525, "7": 0.045454545454545456, "8": 0.043478260869565216, "9": 0.08333333333333333}, "kernighan_lin_bisection": {}}}}