{"low_gamma": {"distance_": {"girvan_newman": [0.09090909090909091, 0.35714285714285715, 0.5384615384615384, 0.2037037037037037, 0.09166666666666666, 0.1111111111111111, 0.09090909090909091, 0.15384615384615385, 0.16666666666666666, 0.09090909090909091, 0.09090909090909091, 0.09090909090909091], "2_k_clique_communities": [0.09821428571428571, 0.35714285714285715, 0.3181818181818182, 0.19642857142857142, 0.09090909090909091, 0.12121212121212122, 0.12244897959183673, 0.1111111111111111, 0.16666666666666666, 0.0967741935483871, 0.09090909090909091, 0.09243697478991597], "3_k_clique_communities": [0.09016393442622951, 0.15384615384615385, 0.36363636363636365, 0.2857142857142857, 0.09090909090909091, 0.1111111111111111, 0.16666666666666666, 0.09016393442622951, 0.09016393442622951, 0.09016393442622951, 0.08955223880597014, 0.09016393442622951], "4_k_clique_communities": [0.09016393442622951, 0.09016393442622951, 0.09016393442622951, 0.32142857142857145, 0.09090909090909091, 0.09016393442622951, 0.10144927536231885, 0.09016393442622951, 0.09016393442622951, 0.09016393442622951, 0.08955223880597014, 0.09016393442622951]}}, "high_gamma1": {"distance_": {"girvan_newman": [0.09090909090909091, 0.18181818181818182, 0.09090909090909091, 0.12222222222222222, 0.09243697478991597, 0.09090909090909091, 0.09090909090909091, 0.09090909090909091, 0.14285714285714285, 0.09090909090909091, 0.09090909090909091, 0.09090909090909091], "2_k_clique_communities": [0.09016393442622951, 0.2727272727272727, 0.09401709401709402, 0.12087912087912088, 0.09166666666666666, 0.08823529411764706, 0.08823529411764706, 0.09016393442622951, 0.09523809523809523, 0.09016393442622951, 0.09090909090909091, 0.09433962264150944], "3_k_clique_communities": [0.09016393442622951, 0.09016393442622951, 0.09016393442622951, 0.09016393442622951, 0.09166666666666666, 0.09016393442622951, 0.08823529411764706, 0.09016393442622951, 0.09016393442622951, 0.09016393442622951, 0.09090909090909091, 0.09016393442622951], "4_k_clique_communities": [0.09016393442622951, 0.09016393442622951, 0.09016393442622951, 0.09016393442622951, 0.09166666666666666, 0.09016393442622951, 0.08823529411764706, 0.09016393442622951, 0.09016393442622951, 0.09016393442622951, 0.09210526315789473, 0.09016393442622951]}}}