{"high_gamma1": {"": {"girvan_newman": {"1": 0.07142857142857142, "3": 0.0, "4": 0.0, "5": 0.0, "7": 0.0, "8": 0.0, "9": 0.07142857142857142, "10": 0.0, "11": 0.0, "13": 0.2, "16": 0.0, "17": 0.0}}, "distance_": {"girvan_newman": {"16": 0.0, "17": 0.0}}}}