{"theta": {"": {"2_k_clique_communities": {}, "3_k_clique_communities": {}, "4_k_clique_communities": {}, "girvan_newman": {}, "2_edge_current_flow_betweenness_partition": {}, "3_edge_current_flow_betweenness_partition": {}, "4_edge_current_flow_betweenness_partition": {}, "greedy_modularity_communities": {"0": 0.0, "2": 0.0, "5": 0.0, "7": 0.05555555555555555, "10": 0.0625, "13": 0.06896551724137931, "15": 0.037037037037037035}, "louvain_communities": {"0": 0.13043478260869565, "1": 0.0, "2": 0.0, "4": 0.09523809523809523, "5": 0.0, "7": 0.06896551724137931, "13": 0.0, "14": 0.0, "16": 0.0625, "18": 0.13333333333333333, "19": 0.03571428571428571}, "kernighan_lin_bisection": {"0": 0.0, "1": 0.034482758620689655, "3": 0.0625, "5": 0.0, "8": 0.0}}, "distance_": {"2_k_clique_communities": {}, "3_k_clique_communities": {}, "4_k_clique_communities": {}, "girvan_newman": {}, "2_edge_current_flow_betweenness_partition": {}, "3_edge_current_flow_betweenness_partition": {}, "4_edge_current_flow_betweenness_partition": {}, "greedy_modularity_communities": {"3": 0.1111111111111111, "7": 0.05, "12": 0.0, "16": 0.08333333333333333}, "louvain_communities": {"0": 0.038461538461538464, "1": 0.0967741935483871, "2": 0.025, "3": 0.03225806451612903, "4": 0.05, "5": 0.10526315789473684, "7": 0.09090909090909091, "8": 0.03225806451612903, "9": 0.0, "10": 0.05405405405405406, "11": 0.03571428571428571, "12": 0.06060606060606061, "14": 0.1388888888888889, "15": 0.06451612903225806, "16": 0.05263157894736842, "17": 0.10526315789473684, "18": 0.08333333333333333, "19": 0.02564102564102564}, "kernighan_lin_bisection": {"1": 0.027777777777777776, "6": 0.0, "7": 0.09523809523809523, "11": 0.0, "12": 0.05405405405405406, "13": 0.0, "14": 0.0, "15": 0.0, "16": 0.1, "17": 0.05, "18": 0.0}}}, "alpha": {"": {"2_k_clique_communities": {}, "3_k_clique_communities": {}, "4_k_clique_communities": {}, "girvan_newman": {}, "2_edge_current_flow_betweenness_partition": {}, "3_edge_current_flow_betweenness_partition": {}, "4_edge_current_flow_betweenness_partition": {}, "greedy_modularity_communities": {"1": 0.0, "5": 0.06666666666666667, "8": 0.11764705882352941, "10": 0.16666666666666666, "13": 0.0, "19": 0.06666666666666667}, "louvain_communities": {"2": 0.02857142857142857, "3": 0.037037037037037035, "4": 0.0, "5": 0.0625, "7": 0.0, "9": 0.0, "10": 0.14285714285714285, "11": 0.041666666666666664, "12": 0.0, "14": 0.0, "15": 0.047619047619047616, "16": 0.0, "18": 0.0}, "kernighan_lin_bisection": {"7": 0.0, "11": 0.05555555555555555, "13": 0.23076923076923078, "14": 0.047619047619047616}}, "distance_": {"2_k_clique_communities": {}, "3_k_clique_communities": {}, "4_k_clique_communities": {}, "girvan_newman": {}, "2_edge_current_flow_betweenness_partition": {}, "3_edge_current_flow_betweenness_partition": {}, "4_edge_current_flow_betweenness_partition": {}, "greedy_modularity_communities": {"2": 0.08695652173913043, "5": 0.09090909090909091, "15": 0.0, "17": 0.0}, "louvain_communities": {"0": 0.058823529411764705, "1": 0.058823529411764705, "2": 0.0, "3": 0.14814814814814814, "4": 0.125, "5": 0.0, "6": 0.037037037037037035, "7": 0.0, "8": 0.04, "9": 0.05128205128205128, "10": 0.08108108108108109, "11": 0.03333333333333333, "13": 0.11428571428571428, "14": 0.058823529411764705, "15": 0.058823529411764705, "16": 0.0, "17": 0.029411764705882353, "18": 0.038461538461538464, "19": 0.05128205128205128}, "kernighan_lin_bisection": {"0": 0.0, "2": 0.07142857142857142, "3": 0.0, "4": 0.0, "5": 0.0, "6": 0.025, "7": 0.1111111111111111, "8": 0.07142857142857142, "11": 0.03125, "12": 0.11764705882352941, "14": 0.0, "16": 0.05555555555555555, "17": 0.0, "18": 0.08333333333333333, "19": 0.07692307692307693}}}, "beta": {"": {"2_k_clique_communities": {}, "3_k_clique_communities": {}, "4_k_clique_communities": {}, "girvan_newman": {}, "2_edge_current_flow_betweenness_partition": {}, "3_edge_current_flow_betweenness_partition": {}, "4_edge_current_flow_betweenness_partition": {}, "greedy_modularity_communities": {"13": 0.0, "19": 0.08333333333333333}, "louvain_communities": {"1": 0.047619047619047616, "3": 0.0, "7": 0.02631578947368421, "9": 0.058823529411764705, "12": 0.03125, "13": 0.038461538461538464, "14": 0.06666666666666667, "15": 0.06896551724137931, "16": 0.1111111111111111, "17": 0.1388888888888889, "18": 0.0}, "kernighan_lin_bisection": {"0": 0.047619047619047616, "3": 0.0, "6": 0.13333333333333333, "11": 0.043478260869565216, "12": 0.09090909090909091, "15": 0.027777777777777776, "17": 0.03571428571428571, "18": 0.0}}, "distance_": {"2_k_clique_communities": {}, "3_k_clique_communities": {}, "4_k_clique_communities": {}, "girvan_newman": {}, "2_edge_current_flow_betweenness_partition": {}, "3_edge_current_flow_betweenness_partition": {}, "4_edge_current_flow_betweenness_partition": {}, "greedy_modularity_communities": {}, "louvain_communities": {"0": 0.03125, "1": 0.030303030303030304, "2": 0.029411764705882353, "3": 0.06666666666666667, "4": 0.10714285714285714, "5": 0.038461538461538464, "6": 0.04878048780487805, "7": 0.029411764705882353, "8": 0.058823529411764705, "9": 0.037037037037037035, "10": 0.045454545454545456, "11": 0.16, "12": 0.03125, "13": 0.037037037037037035, "14": 0.13333333333333333, "15": 0.10256410256410256, "16": 0.14285714285714285, "17": 0.029411764705882353, "18": 0.12121212121212122, "19": 0.0625}, "kernighan_lin_bisection": {"0": 0.0, "1": 0.02702702702702703, "2": 0.11428571428571428, "3": 0.0, "4": 0.0, "6": 0.06666666666666667, "7": 0.125, "9": 0.08695652173913043, "10": 0.05405405405405406, "11": 0.0, "12": 0.14705882352941177, "13": 0.0, "14": 0.0, "16": 0.0, "17": 0.0967741935483871, "18": 0.06666666666666667, "19": 0.15625}}}, "low_gamma": {"": {"2_k_clique_communities": {}, "3_k_clique_communities": {}, "4_k_clique_communities": {}, "girvan_newman": {"8": 0.08823529411764706, "11": 0.0, "12": 0.0}, "2_edge_current_flow_betweenness_partition": {}, "3_edge_current_flow_betweenness_partition": {}, "4_edge_current_flow_betweenness_partition": {}, "greedy_modularity_communities": {"3": 0.0, "5": 0.0, "6": 0.0975609756097561, "7": 0.0, "8": 0.0, "9": 0.15789473684210525, "16": 0.0}, "louvain_communities": {"0": 0.0, "2": 0.0, "3": 0.0, "4": 0.0, "5": 0.0, "10": 0.0, "12": 0.08571428571428572, "13": 0.0, "14": 0.08333333333333333, "15": 0.08571428571428572, "16": 0.08571428571428572, "18": 0.08108108108108109, "19": 0.0}, "kernighan_lin_bisection": {"6": 0.13157894736842105, "10": 0.14285714285714285, "12": 0.0, "14": 0.08333333333333333, "15": 0.14705882352941177, "17": 0.09090909090909091}}, "distance_": {"2_k_clique_communities": {}, "3_k_clique_communities": {}, "4_k_clique_communities": {}, "girvan_newman": {}, "2_edge_current_flow_betweenness_partition": {}, "3_edge_current_flow_betweenness_partition": {}, "4_edge_current_flow_betweenness_partition": {}, "greedy_modularity_communities": {}, "louvain_communities": {"3": 0.07894736842105263, "6": 0.0, "19": 0.0}, "kernighan_lin_bisection": {"3": 0.06896551724137931, "4": 0.0, "5": 0.0, "7": 0.0, "9": 0.0, "17": 0.0, "19": 0.0}}}, "high_gamma1": {"": {"2_k_clique_communities": {}, "3_k_clique_communities": {}, "4_k_clique_communities": {}, "girvan_newman": {"4": 0.08571428571428572, "5": 0.0, "6": 0.0, "7": 0.08571428571428572, "8": 0.08571428571428572, "9": 0.08571428571428572, "12": 0.0, "17": 0.0, "19": 0.0}, "2_edge_current_flow_betweenness_partition": {}, "3_edge_current_flow_betweenness_partition": {}, "4_edge_current_flow_betweenness_partition": {}, "greedy_modularity_communities": {"4": 0.08571428571428572, "7": 0.08571428571428572, "12": 0.0}, "louvain_communities": {"4": 0.08571428571428572, "5": 0.08571428571428572, "6": 0.0, "7": 0.08571428571428572, "8": 0.08571428571428572, "9": 0.08571428571428572, "12": 0.0, "17": 0.08571428571428572, "19": 0.08571428571428572}, "kernighan_lin_bisection": {"3": 0.05555555555555555, "5": 0.0, "6": 0.0, "7": 0.08571428571428572, "11": 0.07894736842105263,