{"theta": {"": {"girvan_newman": {"0": 0.0, "1": 0.18181818181818182, "2": 0.13636363636363635, "3": 0.0, "5": 0.043478260869565216, "6": 0.09090909090909091, "7": 0.0, "11": 0.0, "12": 0.0, "16": 0.0, "17": 0.04, "18": 0.0, "19": 0.0}, "2_edge_current_flow_betweenness_partition": {"8": 0.0, "11": 0.0}, "3_edge_current_flow_betweenness_partition": {"8": 0.0, "11": 0.0}, "4_edge_current_flow_betweenness_partition": {"8": 0.0, "11": 0.0}, "greedy_modularity_communities": {"0": 0.1111111111111111, "1": 0.0, "2": 0.0, "3": 0.0, "4": 0.0, "5": 0.043478260869565216, "6": 0.05, "7": 0.045454545454545456, "8": 0.1, "11": 0.0, "12": 0.1, "13": 0.0, "14": 0.0, "15": 0.0, "16": 0.037037037037037035, "17": 0.0, "18": 0.07692307692307693, "19": 0.0}, "louvain_communities": {"0": 0.1, "1": 0.0, "2": 0.0, "3": 0.0, "4": 0.0, "5": 0.045454545454545456, "6": 0.05, "7": 0.045454545454545456, "8": 0.1, "9": 0.03571428571428571, "11": 0.0625, "12": 0.047619047619047616, "14": 0.09523809523809523, "15": 0.04, "16": 0.0, "17": 0.043478260869565216, "18": 0.07692307692307693, "19": 0.1111111111111111}, "kernighan_lin_bisection": {"1": 0.045454545454545456, "9": 0.0625, "10": 0.0}}, "distance_": {"girvan_newman": {"0": 0.0, "1": 0.18181818181818182, "2": 0.13636363636363635, "3": 0.0, "5": 0.043478260869565216, "6": 0.09090909090909091, "7": 0.0, "11": 0.0, "12": 0.0, "16": 0.0, "17": 0.04, "18": 0.0}, "2_edge_current_flow_betweenness_partition": {"8": 0.0, "11": 0.0}, "3_edge_current_flow_betweenness_partition": {"8": 0.0, "11": 0.0}, "4_edge_current_flow_betweenness_partition": {"8": 0.0, "11": 0.0}, "greedy_modularity_communities": {"0": 0.1111111111111111, "1": 0.0, "2": 0.0, "3": 0.0, "4": 0.0, "5": 0.043478260869565216, "6": 0.05, "7": 0.045454545454545456, "8": 0.1, "11": 0.0, "12": 0.1, "14": 0.0, "15": 0.0, "16": 0.037037037037037035, "17": 0.0, "18": 0.07692307692307693, "19": 0.0}, "louvain_communities": {"0": 0.0, "1": 0.0, "2": 0.0, "3": 0.0, "4": 0.0, "5": 0.045454545454545456, "6": 0.047619047619047616, "7": 0.045454545454545456, "8": 0.058823529411764705, "9": 0.0, "10": 0.0, "11": 0.0625, "12": 0.047619047619047616, "14": 0.0, "15": 0.058823529411764705, "16": 0.0, "17": 0.043478260869565216, "18": 0.2222222222222222, "19": 0.038461538461538464}, "kernighan_lin_bisection": {"9": 0.0, "10": 0.0, "15": 0.03571428571428571}}}, "alpha": {"": {"girvan_newman": {"0": 0.058823529411764705, "5": 0.0, "8": 0.09090909090909091, "9": 0.0, "11": 0.16666666666666666, "12": 0.08695652173913043, "14": 0.0, "17": 0.0, "19": 0.0}, "2_edge_current_flow_betweenness_partition": {"18": 0.0}, "3_edge_current_flow_betweenness_partition": {"18": 0.0}, "4_edge_current_flow_betweenness_partition": {"18": 0.0}, "greedy_modularity_communities": {"0": 0.0625, "1": 0.0, "2": 0.05, "3": 0.0, "4": 0.11764705882352941, "5": 0.05263157894736842, "6": 0.0, "7": 0.0, "8": 0.1, "9": 0.045454545454545456, "10": 0.038461538461538464, "11": 0.16666666666666666, "12": 0.10526315789473684, "14": 0.1, "15": 0.2631578947368421, "16": 0.0, "17": 0.0, "18": 0.25, "19": 0.0}, "louvain_communities": {"0": 0.09523809523809523, "1": 0.0, "2": 0.05, "3": 0.0, "4": 0.0, "5": 0.0, "6": 0.047619047619047616, "7": 0.21428571428571427, "8": 0.045454545454545456, "9": 0.0, "10": 0.0, "11": 0.16666666666666666, "12": 0.05263157894736842, "14": 0.038461538461538464, "15": 0.29411764705882354, "16": 0.1111111111111111, "17": 0.0, "18": 0.0, "19": 0.0}, "kernighan_lin_bisection": {}}, "distance_": {"girvan_newman": {"0": 0.058823529411764705, "5": 0.0, "8": 0.09090909090909091, "9": 0.0, "11": 0.16666666666666666, "12": 0.08695652173913043, "14": 0.0, "17": 0.0, "19": 0.0}, "2_edge_current_flow_betweenness_partition": {"18": 0.0}, "3_edge_current_flow_betweenness_partition": {"18": 0.0}, "4_edge_current_flow_betweenness_partition": {"18": 0.0}, "greedy_modularity_communities": {"0": 0.0625, "1": 0.0, "2": 0.05, "3": 0.0, "4": 0.11764705882352941, "5": 0.05263157894736842, "6": 0.0, "7": 0.0, "8": 0.1, "9": 0.047619047619047616, "10": 0.034482758620689655, "11": 0.16666666666666666, "12": 0.10526315789473684, "14": 0.1, "15": 0.2631578947368421, "16": 0.0, "17": 0.0, "18": 0.25}, "louvain_communities": {"0": 0.0625, "1": 0.0, "2": 0.045454545454545456, "3": 0.0, "4": 0.0, "5": 0.0, "6": 0.0, "7": 0.3, "8": 0.1, "9": 0.0, "10": 0.07692307692307693, "11": 0.16666666666666666, "12": 0.10526315789473684, "13": 0.038461538461538464, "14": 0.041666666666666664, "15": 0.2777777777777778, "16": 0.0, "17": 0.0, "19": 0.0}, "kernighan_lin_bisection": {"18": 0.2}}}, "beta": {"": {"girvan_newman": {"0": 0.0, "1": 0.05555555555555555, "3": 0.0, "4": 0.0, "6": 0.10526315789473684, "12": 0.09090909090909091, "15": 0.0, "17": 0.09090909090909091, "19": 0.0}, "2_edge_current_flow_betweenness_partition": {}, "3_edge_current_flow_betweenness_partition": {}, "4_edge_current_flow_betweenness_partition": {}, "greedy_modularity_communities": {"0": 0.0, "1": 0.09523809523809523, "2": 0.15, "3": 0.0, "4": 0.045454545454545456, "5": 0.0, "6": 0.09523809523809523, "7": 0.0, "8": 0.14285714285714285, "9": 0.0625, "11": 0.0, "12": 0.09523809523809523, "14": 0.0, "15": 0.0, "16": 0.0, "17": 0.09090909090909091, "18": 0.0, "19": 0.0}, "louvain_communities": {"0": 0.0, "1": 0.05, "2": 0.1875, "3": 0.0, "4": 0.0, "5": 0.1, "6": 0.09523809523809523, "7": 0.0, "8": 0.0, "9": 0.0, "11": 0.0, "12": 0.09523809523809523, "13": 0.0, "14": 0.0, "15": 0.045454545454545456, "16": 0.045454545454545456, "17": 0.08333333333333333, "18": 0.09523809523809523, "19": 0.0}, "kernighan_lin_bisection": {"8": 0.09523809523809523, "12": 0.0, "14": 0.0}}, "distance_": {"girvan_newman": {"0": 0.0, "1": 0.05555555555555555, "3": 0.0, "4": 0.0, "6": 0.10526315789473684, "8": 0.045454545454545456, "12": 0.09090909090909091, "15": 0.0, "17": 0.09090909090909091, "19": 0.0}, "2_edge_current_flow_betweenness_partition": {}, "3_edge_current_flow_betweenness_partition": {}, "4_edge_current_flow_betweenness_partition": {}, "greedy_modularity_communities": {"0": 0.0, "1": 0.09523809523809523, "2": 0.15, "3": 0.0, "4": 0.045454545454545456, "5": 0.0, "6": 0.09523809523809523, "7": 0.0, "8": 0.047619047619047616, "9": 0.0625, "11": 0.047619047619047616, "12": 0.09523809523809523, "14": 0.0, "15": 0.0, "16": 0.0, "17": 0.09090909090909091, "18": 0.0, "19": 0.0}, "louvain_communities": {"0": 0.0, "1": 0.05, "2": 0.1875, "3": 0.0, "4": 0.045454545454545456, "5": 0.05263157894736842, "6": 0.0, "7": 0.0, "8": 0.0, "9": 0.09090909090909091, "10": 0.047619047619047616, "11": 0.0, "12": 0.0, "13": 0.0, "14": 0.0625, "15": 0.08695652173913043, "16": 0.0, "17": 0.043478260869565216, "18": 0.045454545454545456, "19": 0.0}, "kernighan_lin_bisection": {"8": 0.0, "12": 0.045454545454545456}}}, "low_gamma": {"": {"girvan_newman": {"2": 0.0, "3": 0.0, "4": 0.0, "8": 0.09090909090909091, "11": 0.05263157894736842, "16": 0.13043478260869565, "17": 0.0, "19": 0.08571428571428572}, "2_edge_current_flow_betweenness_partition": {}, "3_edge_current_flow_betweenness_partition": {}, "4_edge_current_flow_betweenness_partition": {"19": 0.08571428571428572}, "greedy_modularity_communities": {"0": 0.13636363636363635, "1": 0.047619047619047616, "2": 0.0, "3": 0.0, "4": 0.0, "5": 0.05, "9": 0.0, "10": 0.25, "11": 0.043478260869565216, "12": 0.15, "13": 0.045454545454545456, "14": 0.0, "15": 0.1, "16": 0.0, "17": 0.0, "18": 0.043478260869565216, "19": 0.09090909090909091}, "louvain_communities": {"0": 0.11538461538461539, "1": 0.05, "2": 0.0, "3": 0.0, "4": 0.0, "5": 0.0, "6": 0.037037037037037035, "7": 0.0, "8": 0.0, "9": 0.07692307692307693, "10": 0.1875, "11": 0.09523809523809523, "12": 0.0, "13": 0.09090909090909091, "14": 0.13636363636363635, "15": 0.045454545454545456, "16": 0.0, "17": 0.0, "18": 0.05, "19": 0.08823529411764706}, "kernighan_lin_bisection": {"7": 0.041666666666666664, "13": 0.09090909090909091}}, "distance_": {"girvan_newman": {"2": 0.0, "3": 0.0, "4": 0.0, "8": 0.0,