{"theta": {"": {"2_k_clique_communities": {}, "3_k_clique_communities": {}, "4_k_clique_communities": {}, "girvan_newman": {"13": 0.07692307692307693, "15": 0.0}, "2_edge_current_flow_betweenness_partition": {}, "3_edge_current_flow_betweenness_partition": {}, "4_edge_current_flow_betweenness_partition": {}, "greedy_modularity_communities": {"2": 0.16666666666666666, "4": 0.0, "6": 0.0, "9": 0.0, "10": 0.06451612903225806, "12": 0.0, "17": 0.11764705882352941, "18": 0.0, "19": 0.0}, "louvain_communities": {"1": 0.0, "3": 0.0, "4": 0.0, "5": 0.0, "6": 0.030303030303030304, "8": 0.0, "9": 0.0, "10": 0.041666666666666664, "11": 0.025, "12": 0.0, "13": 0.09090909090909091, "15": 0.29411764705882354, "19": 0.10714285714285714}, "kernighan_lin_bisection": {"18": 0.0}}, "distance_": {"2_k_clique_communities": {}, "3_k_clique_communities": {}, "4_k_clique_communities": {}, "girvan_newman": {}, "2_edge_current_flow_betweenness_partition": {}, "3_edge_current_flow_betweenness_partition": {}, "4_edge_current_flow_betweenness_partition": {}, "greedy_modularity_communities": {"18": 0.0}, "louvain_communities": {"1": 0.0, "2": 0.023809523809523808, "7": 0.0, "9": 0.13636363636363635, "10": 0.08823529411764706, "11": 0.025, "13": 0.0, "14": 0.0, "16": 0.125, "18": 0.025, "19": 0.0}, "kernighan_lin_bisection": {"6": 0.1111111111111111, "12": 0.09090909090909091, "13": 0.19230769230769232, "14": 0.0, "15": 0.09090909090909091, "18": 0.16666666666666666, "19": 0.047619047619047616}}}, "alpha": {"": {"2_k_clique_communities": {}, "3_k_clique_communities": {}, "4_k_clique_communities": {}, "girvan_newman": {}, "2_edge_current_flow_betweenness_partition": {}, "3_edge_current_flow_betweenness_partition": {}, "4_edge_current_flow_betweenness_partition": {}, "greedy_modularity_communities": {"1": 0.0, "3": 0.0, "4": 0.06666666666666667, "6": 0.16666666666666666, "10": 0.0, "11": 0.041666666666666664, "13": 0.08333333333333333, "14": 0.058823529411764705, "15": 0.0}, "louvain_communities": {"0": 0.029411764705882353, "1": 0.027777777777777776, "2": 0.14285714285714285, "4": 0.034482758620689655, "6": 0.04, "7": 0.0, "9": 0.0, "10": 0.0, "12": 0.125, "13": 0.0, "14": 0.02564102564102564, "15": 0.0, "16": 0.11538461538461539, "17": 0.0}, "kernighan_lin_bisection": {"11": 0.0, "17": 0.09090909090909091, "18": 0.0}}, "distance_": {"2_k_clique_communities": {}, "3_k_clique_communities": {}, "4_k_clique_communities": {}, "girvan_newman": {}, "2_edge_current_flow_betweenness_partition": {}, "3_edge_current_flow_betweenness_partition": {}, "4_edge_current_flow_betweenness_partition": {}, "greedy_modularity_communities": {}, "louvain_communities": {"1": 0.0, "3": 0.0, "6": 0.05128205128205128, "8": 0.0, "10": 0.05263157894736842, "11": 0.025, "13": 0.06060606060606061, "16": 0.047619047619047616}, "kernighan_lin_bisection": {"0": 0.0, "3": 0.0, "6": 0.041666666666666664, "11": 0.0, "12": 0.0625, "14": 0.03571428571428571, "17": 0.09375}}}, "beta": {"": {"2_k_clique_communities": {}, "3_k_clique_communities": {}, "4_k_clique_communities": {}, "girvan_newman": {}, "2_edge_current_flow_betweenness_partition": {}, "3_edge_current_flow_betweenness_partition": {}, "4_edge_current_flow_betweenness_partition": {}, "greedy_modularity_communities": {"4": 0.0, "5": 0.05263157894736842, "7": 0.0}, "louvain_communities": {"2": 0.09375, "5": 0.08823529411764706, "8": 0.05555555555555555, "9": 0.0, "10": 0.13043478260869565, "13": 0.0, "14": 0.0, "15": 0.1, "16": 0.11538461538461539, "17": 0.045454545454545456, "18": 0.0}, "kernighan_lin_bisection": {"1": 0.07692307692307693, "2": 0.05263157894736842, "5": 0.09090909090909091, "10": 0.0625, "18": 0.06666666666666667}}, "distance_": {"2_k_clique_communities": {}, "3_k_clique_communities": {}, "4_k_clique_communities": {}, "girvan_newman": {}, "2_edge_current_flow_betweenness_partition": {}, "3_edge_current_flow_betweenness_partition": {}, "4_edge_current_flow_betweenness_partition": {}, "greedy_modularity_communities": {}, "louvain_communities": {"2": 0.09523809523809523, "4": 0.038461538461538464, "7": 0.0, "9": 0.027777777777777776, "10": 0.07692307692307693, "12": 0.07142857142857142, "13": 0.0, "15": 0.05263157894736842, "16": 0.030303030303030304}, "kernighan_lin_bisection": {"4": 0.0, "6": 0.0, "9": 0.025, "12": 0.06666666666666667, "16": 0.030303030303030304}}}, "low_gamma": {"": {"2_k_clique_communities": {}, "3_k_clique_communities": {}, "4_k_clique_communities": {}, "girvan_newman": {"19": 0.06451612903225806}, "2_edge_current_flow_betweenness_partition": {}, "3_edge_current_flow_betweenness_partition": {}, "4_edge_current_flow_betweenness_partition": {}, "greedy_modularity_communities": {"9": 0.0, "10": 0.0, "19": 0.1}, "louvain_communities": {"0": 0.0, "2": 0.0, "3": 0.058823529411764705, "4": 0.058823529411764705, "5": 0.10526315789473684, "7": 0.09375, "9": 0.0, "15": 0.0, "16": 0.05, "18": 0.14705882352941177, "19": 0.1}, "kernighan_lin_bisection": {"12": 0.02702702702702703}}, "distance_": {"2_k_clique_communities": {}, "3_k_clique_communities": {}, "4_k_clique_communities": {}, "girvan_newman": {}, "2_edge_current_flow_betweenness_partition": {}, "3_edge_current_flow_betweenness_partition": {}, "4_edge_current_flow_betweenness_partition": {}, "greedy_modularity_communities": {}, "louvain_communities": {"1": 0.0, "3": 0.075, "11": 0.07142857142857142, "12": 0.024390243902439025, "13": 0.05555555555555555, "15": 0.043478260869565216, "17": 0.1, "18": 0.0}, "kernighan_lin_bisection": {"0": 0.038461538461538464, "7": 0.06666666666666667, "10": 0.0, "15": 0.08333333333333333}}}, "high_gamma1": {"": {"2_k_clique_communities": {}, "3_k_clique_communities": {}, "4_k_clique_communities": {}, "girvan_newman": {"0": 0.08571428571428572, "1": 0.09375, "3": 0.08571428571428572, "6": 0.08571428571428572, "8": 0.08571428571428572, "9": 0.08823529411764706, "10": 0.058823529411764705, "11": 0.08571428571428572, "12": 0.10344827586206896, "14": 0.0, "18": 0.04, "19": 0.08571428571428572}, "2_edge_current_flow_betweenness_partition": {}, "3_edge_current_flow_betweenness_partition": {}, "4_edge_current_flow_betweenness_partition": {}, "greedy_modularity_communities": {"0": 0.07142857142857142, "1": 0.1388888888888889, "3": 0.0, "6": 0.08333333333333333, "8": 0.08571428571428572, "11": 0.08333333333333333, "14": 0.0, "15": 0.07894736842105263, "18": 0.07692307692307693}, "louvain_communities": {"0": 0.0, "1": 0.08571428571428572, "3": 0.14285714285714285, "4": 0.08571428571428572, "5": 0.0, "6": 0.0, "8": 0.08571428571428572, "9": 0.08571428571428572, "11": 0.08571428571428572, "12": 0.08571428571428572, "14": 0.0, "15": 0.08108108108108109, "16": 0.0, "18": 0.08571428571428572, "19": 0.0}, "kernighan_lin_bisection": {"11": 0.05555555555555555, "12": 0.07894736842105263}}, "distance_": {"2_k_clique_communities": {}, "3_k_clique_communities": {}, "4_k_clique_communities": {}, "girvan_newman": {}, "2_edge_current_flow_betweenness_partition": {}, "3_edge_current_flow_betweenness_partition": {}, "4_edge_current_flow_betweenness_partition": {}, "greedy_modularity_communities": {}, "louvain_communities": {"4": 0.16666666666666666, "5": 0.0, "15": 0.0}, "kernighan_lin_bisection": {"11": 0.07692307692307693, "18": 0.0}}}}