name	x	y	z	size
C3	n/a	n/a	n/a	n/a
C4	n/a	n/a	n/a	n/a
CZ	n/a	n/a	n/a	n/a
EKG1	n/a	n/a	n/a	n/a
EKG2	n/a	n/a	n/a	n/a
F3	n/a	n/a	n/a	n/a
F4	n/a	n/a	n/a	n/a
F7	n/a	n/a	n/a	n/a
F8	n/a	n/a	n/a	n/a
FP1	n/a	n/a	n/a	n/a
FP2	n/a	n/a	n/a	n/a
FZ	n/a	n/a	n/a	n/a
LAF1	-17.7791	30.7476	10.07999907	n/a
LAF2	-20.5711	34.9906	16.51914766	n/a
LAF3	-22.8561	38.2962	23.04786624	n/a
LAF4	-24.0117	39.8796	27.28240627	n/a
O1	n/a	n/a	n/a	n/a
O2	n/a	n/a	n/a	n/a
P3	n/a	n/a	n/a	n/a
P4	n/a	n/a	n/a	n/a
PZ	n/a	n/a	n/a	n/a
RA1	21.9763	-1.56666	-28.83840685	n/a
RA2	26.7868	0.13292	-30.49230102	n/a
RA3	31.9449	2.07428	-29.14860567	n/a
RA4	37.6402	4.83647	-28.04058751	n/a
RAFa1	11.0934	29.5084	15.5731411	n/a
RAFa2	13.1859	34.2916	23.16150745	n/a
RAFa3	12.883	38.0089	27.66914435	n/a
RAFa4	11.7451	41.5698	32.05702507	n/a
RAFb1	16.572	27.3527	16.6845299	n/a
RAFb2	20.3863	29.401	21.09744497	n/a
RAFb3	23.0296	30.6839	24.70679263	n/a
RAFb4	25.9631	31.6802	27.6596063	n/a
RAFc1	19.6971	14.7569	-14.53068894	n/a
RAFc2	22.1869	14.866	-11.70488021	n/a
RAFc3	23.6704	15.2823	-7.868382996	n/a
RAFc4	25.3019	16.5047	-2.359263949	n/a
RAFd1	20.8615	14.4346	-15.94815758	n/a
RAFd2	26.242	14.2974	-14.61069759	n/a
RAFd3	30.7306	13.9974	-12.8507705	n/a
RAFd4	33.7996	14.2308	-8.055363832	n/a
RH1	23.9571	-11.2545	-25.98561104	n/a
RH2	28.7918	-13.7365	-26.01756666	n/a
RH3	32.5775	-16.5062	-26.2589514	n/a
RH4	36.787	-18.0938	-23.47022759	n/a
RPFa1	16.933	23.7577	24.50452005	n/a
RPFa2	17.5184	26.0255	30.41429479	n/a
RPFa3	16.6067	27.178	36.26666939	n/a
RPFa4	17.314	28.496	41.87570077	n/a
RPFb1	36.807	18.5798	31.58559437	n/a
RPFb2	37.4946	21.9468	36.54306987	n/a
RPFb3	40.2251	24.8443	39.9913998	n/a
RPFc1	25.8225	15.3969	-6.276675575	n/a
RPFc2	29.305	14.8203	-2.90899944	n/a
RPFc3	34.4305	14.0587	1.347898854	n/a
T3	n/a	n/a	n/a	n/a
T4	n/a	n/a	n/a	n/a
T5	n/a	n/a	n/a	n/a
T6	n/a	n/a	n/a	n/a