{"theta": {"": {"2_k_clique_communities": {}, "3_k_clique_communities": {}, "4_k_clique_communities": {}, "girvan_newman": {}, "2_edge_current_flow_betweenness_partition": {}, "3_edge_current_flow_betweenness_partition": {}, "4_edge_current_flow_betweenness_partition": {}, "greedy_modularity_communities": {"2": 0.0, "4": 0.0, "6": 0.0, "10": 0.0, "15": 0.0}, "louvain_communities": {"0": 0.0, "1": 0.03225806451612903, "2": 0.030303030303030304, "3": 0.3181818181818182, "4": 0.2608695652173913, "5": 0.14285714285714285, "6": 0.0, "7": 0.25, "8": 0.0, "10": 0.15384615384615385, "11": 0.3, "12": 0.0, "13": 0.45, "14": 0.0, "17": 0.13333333333333333, "18": 0.3333333333333333, "19": 0.047619047619047616}, "kernighan_lin_bisection": {"2": 0.15384615384615385, "4": 0.0, "6": 0.0, "11": 0.08}}, "distance_": {"2_k_clique_communities": {}, "3_k_clique_communities": {}, "4_k_clique_communities": {}, "girvan_newman": {}, "2_edge_current_flow_betweenness_partition": {}, "3_edge_current_flow_betweenness_partition": {}, "4_edge_current_flow_betweenness_partition": {}, "greedy_modularity_communities": {"0": 0.0}, "louvain_communities": {"2": 0.14705882352941177, "3": 0.021739130434782608, "6": 0.037037037037037035, "7": 0.08, "8": 0.02631578947368421, "9": 0.15, "10": 0.03333333333333333, "11": 0.0975609756097561, "13": 0.15, "15": 0.07142857142857142, "16": 0.0, "18": 0.15151515151515152}, "kernighan_lin_bisection": {"0": 0.0625, "2": 0.0, "4": 0.025, "6": 0.0, "15": 0.0}}}, "alpha": {"": {"2_k_clique_communities": {}, "3_k_clique_communities": {}, "4_k_clique_communities": {}, "girvan_newman": {}, "2_edge_current_flow_betweenness_partition": {}, "3_edge_current_flow_betweenness_partition": {}, "4_edge_current_flow_betweenness_partition": {}, "greedy_modularity_communities": {"2": 0.23076923076923078, "7": 0.0, "10": 0.0, "11": 0.23529411764705882, "14": 0.0, "16": 0.0}, "louvain_communities": {"0": 0.0, "1": 0.03333333333333333, "2": 0.08571428571428572, "4": 0.4444444444444444, "5": 0.15789473684210525, "6": 0.029411764705882353, "8": 0.375, "9": 0.3103448275862069, "10": 0.0, "11": 0.038461538461538464, "12": 0.0, "13": 0.20588235294117646, "15": 0.0, "16": 0.08, "18": 0.07142857142857142}, "kernighan_lin_bisection": {"2": 0.0, "6": 0.0, "13": 0.0, "16": 0.058823529411764705}}, "distance_": {"2_k_clique_communities": {}, "3_k_clique_communities": {}, "4_k_clique_communities": {}, "girvan_newman": {}, "2_edge_current_flow_betweenness_partition": {}, "3_edge_current_flow_betweenness_partition": {}, "4_edge_current_flow_betweenness_partition": {}, "greedy_modularity_communities": {"1": 0.045454545454545456, "2": 0.08695652173913043, "10": 0.07692307692307693, "12": 0.0, "13": 0.0, "18": 0.1111111111111111}, "louvain_communities": {"1": 0.06818181818181818, "2": 0.038461538461538464, "3": 0.0, "5": 0.03333333333333333, "6": 0.02631578947368421, "8": 0.03333333333333333, "9": 0.038461538461538464, "10": 0.08823529411764706, "11": 0.09375, "12": 0.075, "13": 0.07317073170731707, "14": 0.12121212121212122, "15": 0.04, "16": 0.023255813953488372, "17": 0.14705882352941177, "18": 0.045454545454545456, "19": 0.13333333333333333}, "kernighan_lin_bisection": {"0": 0.0, "1": 0.0625, "2": 0.07142857142857142, "4": 0.0625, "14": 0.12, "15": 0.08823529411764706, "16": 0.0}}}, "beta": {"": {"2_k_clique_communities": {}, "3_k_clique_communities": {}, "4_k_clique_communities": {}, "girvan_newman": {}, "2_edge_current_flow_betweenness_partition": {}, "3_edge_current_flow_betweenness_partition": {}, "4_edge_current_flow_betweenness_partition": {}, "greedy_modularity_communities": {"0": 0.0, "4": 0.13333333333333333, "7": 0.0, "12": 0.0, "16": 0.02631578947368421}, "louvain_communities": {"0": 0.034482758620689655, "4": 0.35714285714285715, "5": 0.0, "7": 0.0, "8": 0.11538461538461539, "9": 0.3333333333333333, "10": 0.0, "12": 0.024390243902439025, "13": 0.08, "15": 0.02564102564102564, "16": 0.02127659574468085, "17": 0.0}, "kernighan_lin_bisection": {"0": 0.03225806451612903, "1": 0.0, "2": 0.07142857142857142, "5": 0.0, "7": 0.0, "9": 0.07142857142857142, "16": 0.07692307692307693}}, "distance_": {"2_k_clique_communities": {}, "3_k_clique_communities": {}, "4_k_clique_communities": {}, "girvan_newman": {}, "2_edge_current_flow_betweenness_partition": {}, "3_edge_current_flow_betweenness_partition": {}, "4_edge_current_flow_betweenness_partition": {}, "greedy_modularity_communities": {"15": 0.13333333333333333, "17": 0.0}, "louvain_communities": {"0": 0.038461538461538464, "1": 0.0, "2": 0.05555555555555555, "3": 0.02857142857142857, "4": 0.15789473684210525, "5": 0.07142857142857142, "6": 0.0, "7": 0.07407407407407407, "9": 0.1111111111111111, "10": 0.037037037037037035, "11": 0.08333333333333333, "12": 0.03125, "13": 0.14634146341463414, "14": 0.058823529411764705, "15": 0.030303030303030304, "16": 0.030303030303030304, "17": 0.14814814814814814, "18": 0.038461538461538464, "19": 0.0}, "kernighan_lin_bisection": {"0": 0.0, "1": 0.058823529411764705, "2": 0.0, "3": 0.14285714285714285, "4": 0.058823529411764705, "5": 0.05714285714285714, "6": 0.05263157894736842, "7": 0.0, "8": 0.125, "10": 0.25806451612903225, "13": 0.14285714285714285, "14": 0.0, "15": 0.03571428571428571, "17": 0.02702702702702703}}}, "low_gamma": {"": {"2_k_clique_communities": {}, "3_k_clique_communities": {}, "4_k_clique_communities": {}, "girvan_newman": {}, "2_edge_current_flow_betweenness_partition": {}, "3_edge_current_flow_betweenness_partition": {}, "4_edge_current_flow_betweenness_partition": {}, "greedy_modularity_communities": {}, "louvain_communities": {"1": 0.038461538461538464, "2": 0.05555555555555555, "5": 0.13636363636363635, "6": 0.0, "7": 0.03225806451612903, "10": 0.025}, "kernighan_lin_bisection": {"4": 0.25806451612903225}}, "distance_": {"2_k_clique_communities": {}, "3_k_clique_communities": {}, "4_k_clique_communities": {}, "girvan_newman": {}, "2_edge_current_flow_betweenness_partition": {}, "3_edge_current_flow_betweenness_partition": {}, "4_edge_current_flow_betweenness_partition": {}, "greedy_modularity_communities": {"12": 0.05555555555555555}, "louvain_communities": {"0": 0.0, "1": 0.0, "2": 0.02702702702702703, "3": 0.15625, "4": 0.043478260869565216, "5": 0.125, "6": 0.08, "7": 0.038461538461538464, "8": 0.07142857142857142, "9": 0.0, "10": 0.2, "12": 0.03225806451612903, "17": 0.12121212121212122, "19": 0.02857142857142857}, "kernighan_lin_bisection": {"2": 0.0625, "5": 0.0, "6": 0.21052631578947367, "7": 0.04, "9": 0.07142857142857142, "12": 0.058823529411764705, "13": 0.05555555555555555, "17": 0.0, "18": 0.0}}}, "high_gamma1": {"": {"2_k_clique_communities": {}, "3_k_clique_communities": {}, "4_k_clique_communities": {}, "girvan_newman": {}, "2_edge_current_flow_betweenness_partition": {}, "3_edge_current_flow_betweenness_partition": {}, "4_edge_current_flow_betweenness_partition": {}, "greedy_modularity_communities": {}, "louvain_communities": {"11": 0.75}, "kernighan_lin_bisection": {"3": 0.07142857142857142, "17": 0.0}}, "distance_": {"2_k_clique_communities": {}, "3_k_clique_communities": {}, "4_k_clique_communities": {}, "girvan_newman": {}, "2_edge_current_flow_betweenness_partition": {}, "3_edge_current_flow_betweenness_partition": {}, "4_edge_current_flow_betweenness_partition": {}, "greedy_modularity_communities": {}, "louvain_communities": {}, "kernighan_lin_bisection": {}}}}