{"theta": {"": {"girvan_newman": {"6": 0.21052631578947367, "7": 0.047619047619047616, "11": 0.0, "15": 0.0, "16": 0.05, "17": 0.09090909090909091, "18": 0.0}, "2_edge_current_flow_betweenness_partition": {"8": 0.0, "11": 0.0}, "3_edge_current_flow_betweenness_partition": {"8": 0.0, "11": 0.0}, "4_edge_current_flow_betweenness_partition": {"8": 0.0, "11": 0.0}, "greedy_modularity_communities": {"0": 0.05263157894736842, "1": 0.0, "2": 0.0, "3": 0.0, "4": 0.047619047619047616, "5": 0.0, "6": 0.0, "7": 0.0, "8": 0.0, "9": 0.0625, "10": 0.0, "11": 0.0, "12": 0.0, "15": 0.0, "16": 0.05, "18": 0.10526315789473684}, "louvain_communities": {"0": 0.08333333333333333, "1": 0.0, "2": 0.05555555555555555, "3": 0.0, "5": 0.0, "6": 0.0, "7": 0.09523809523809523, "8": 0.0, "9": 0.029411764705882353, "11": 0.09090909090909091, "12": 0.1111111111111111, "13": 0.0, "14": 0.0, "15": 0.07407407407407407, "16": 0.043478260869565216, "17": 0.125, "18": 0.10526315789473684}, "kernighan_lin_bisection": {"15": 0.10526315789473684}}, "distance_": {"girvan_newman": {"6": 0.21052631578947367, "7": 0.047619047619047616, "11": 0.0, "15": 0.0, "16": 0.05, "17": 0.09090909090909091, "18": 0.0}, "2_edge_current_flow_betweenness_partition": {"8": 0.0, "11": 0.0}, "3_edge_current_flow_betweenness_partition": {"8": 0.0, "11": 0.0}, "4_edge_current_flow_betweenness_partition": {"8": 0.0, "11": 0.0}, "greedy_modularity_communities": {"0": 0.05263157894736842, "1": 0.0, "2": 0.0, "3": 0.0, "4": 0.047619047619047616, "5": 0.0, "6": 0.1, "7": 0.0, "8": 0.09090909090909091, "9": 0.0, "10": 0.0, "11": 0.0, "12": 0.0, "15": 0.0, "16": 0.05, "18": 0.0}, "louvain_communities": {"0": 0.0, "1": 0.0, "2": 0.1111111111111111, "3": 0.043478260869565216, "4": 0.0, "5": 0.0, "6": 0.0, "7": 0.1, "8": 0.058823529411764705, "9": 0.0, "11": 0.0, "12": 0.0, "13": 0.0, "15": 0.0, "16": 0.043478260869565216, "17": 0.125, "18": 0.0, "19": 0.0}, "kernighan_lin_bisection": {"2": 0.0, "6": 0.0, "15": 0.0, "16": 0.05555555555555555}}}, "alpha": {"": {"girvan_newman": {"0": 0.047619047619047616, "3": 0.06666666666666667, "4": 0.058823529411764705, "7": 0.0, "18": 0.0}, "2_edge_current_flow_betweenness_partition": {}, "3_edge_current_flow_betweenness_partition": {}, "4_edge_current_flow_betweenness_partition": {}, "greedy_modularity_communities": {"1": 0.0, "2": 0.041666666666666664, "3": 0.045454545454545456, "4": 0.0, "6": 0.0, "7": 0.0, "8": 0.08, "9": 0.0, "10": 0.05555555555555555, "11": 0.18181818181818182, "12": 0.0, "18": 0.0, "19": 0.06666666666666667}, "louvain_communities": {"0": 0.1, "2": 0.09090909090909091, "3": 0.09090909090909091, "4": 0.0, "5": 0.045454545454545456, "6": 0.05, "7": 0.0, "8": 0.038461538461538464, "9": 0.0, "11": 0.0, "12": 0.0, "15": 0.041666666666666664, "16": 0.0, "17": 0.034482758620689655, "18": 0.041666666666666664, "19": 0.0}, "kernighan_lin_bisection": {"2": 0.2, "3": 0.047619047619047616, "15": 0.2857142857142857, "16": 0.045454545454545456}}, "distance_": {"girvan_newman": {"0": 0.047619047619047616, "3": 0.06666666666666667, "4": 0.058823529411764705, "7": 0.0, "18": 0.0}, "2_edge_current_flow_betweenness_partition": {}, "3_edge_current_flow_betweenness_partition": {}, "4_edge_current_flow_betweenness_partition": {}, "greedy_modularity_communities": {"1": 0.0, "2": 0.041666666666666664, "3": 0.045454545454545456, "4": 0.0, "6": 0.0, "7": 0.0, "8": 0.08, "9": 0.0, "10": 0.05555555555555555, "11": 0.18181818181818182, "12": 0.0, "16": 0.08333333333333333, "17": 0.0, "19": 0.05263157894736842}, "louvain_communities": {"0": 0.05, "1": 0.1111111111111111, "2": 0.0, "3": 0.0, "4": 0.05, "5": 0.0625, "6": 0.0, "7": 0.0, "8": 0.0, "9": 0.0, "14": 0.09090909090909091, "15": 0.041666666666666664, "17": 0.10526315789473684, "18": 0.041666666666666664, "19": 0.0}, "kernighan_lin_bisection": {"3": 0.043478260869565216, "16": 0.09523809523809523, "18": 0.0}}}, "beta": {"": {"girvan_newman": {"3": 0.0, "12": 0.0}, "2_edge_current_flow_betweenness_partition": {}, "3_edge_current_flow_betweenness_partition": {}, "4_edge_current_flow_betweenness_partition": {}, "greedy_modularity_communities": {"0": 0.0, "1": 0.08333333333333333, "2": 0.045454545454545456, "3": 0.045454545454545456, "4": 0.045454545454545456, "6": 0.0, "7": 0.045454545454545456, "8": 0.08695652173913043, "9": 0.08695652173913043, "10": 0.0, "11": 0.0, "12": 0.04, "13": 0.08695652173913043, "14": 0.0, "15": 0.09090909090909091, "16": 0.0, "18": 0.05, "19": 0.0}, "louvain_communities": {"0": 0.0, "1": 0.0, "2": 0.05555555555555555, "3": 0.15, "4": 0.05263157894736842, "5": 0.047619047619047616, "6": 0.0, "7": 0.0, "8": 0.0, "9": 0.2631578947368421, "11": 0.07692307692307693, "12": 0.1111111111111111, "14": 0.0, "15": 0.034482758620689655, "16": 0.10526315789473684, "17": 0.20833333333333334, "18": 0.0625, "19": 0.0}, "kernighan_lin_bisection": {"3": 0.0, "4": 0.09090909090909091, "12": 0.0, "17": 0.0}}, "distance_": {"girvan_newman": {"3": 0.0, "12": 0.0}, "2_edge_current_flow_betweenness_partition": {}, "3_edge_current_flow_betweenness_partition": {}, "4_edge_current_flow_betweenness_partition": {}, "greedy_modularity_communities": {"0": 0.0, "1": 0.08333333333333333, "2": 0.045454545454545456, "3": 0.047619047619047616, "4": 0.045454545454545456, "6": 0.0, "7": 0.045454545454545456, "8": 0.08695652173913043, "9": 0.0, "10": 0.0, "11": 0.0, "12": 0.04, "13": 0.08695652173913043, "14": 0.0, "15": 0.09090909090909091, "16": 0.0, "18": 0.05263157894736842, "19": 0.0}, "louvain_communities": {"0": 0.0, "1": 0.08695652173913043, "2": 0.0, "3": 0.0, "4": 0.0, "5": 0.0, "6": 0.08695652173913043, "8": 0.10526315789473684, "9": 0.18181818181818182, "11": 0.09523809523809523, "13": 0.08823529411764706, "14": 0.0, "15": 0.0, "16": 0.1111111111111111, "17": 0.19230769230769232, "18": 0.15, "19": 0.0}, "kernighan_lin_bisection": {"2": 0.0, "8": 0.07692307692307693, "11": 0.0, "17": 0.04}}}, "low_gamma": {"": {"girvan_newman": {}, "2_edge_current_flow_betweenness_partition": {}, "3_edge_current_flow_betweenness_partition": {}, "4_edge_current_flow_betweenness_partition": {"19": 0.08571428571428572}, "greedy_modularity_communities": {"0": 0.12121212121212122, "1": 0.05263157894736842, "2": 0.045454545454545456, "3": 0.047619047619047616, "4": 0.0, "5": 0.05, "6": 0.0, "10": 0.0, "11": 0.1, "12": 0.045454545454545456, "13": 0.08, "14": 0.047619047619047616, "15": 0.0, "16": 0.0, "17": 0.043478260869565216, "18": 0.045454545454545456, "19": 0.07894736842105263}, "louvain_communities": {"0": 0.0, "1": 0.0, "2": 0.13043478260869565, "3": 0.0, "4": 0.0, "5": 0.047619047619047616, "6": 0.0, "7": 0.0, "8": 0.0, "9": 0.0, "10": 0.0, "11": 0.0, "12": 0.0, "13": 0.05263157894736842, "14": 0.047619047619047616, "15": 0.05, "16": 0.0, "17": 0.047619047619047616, "18": 0.14285714285714285, "19": 0.08571428571428572}, "kernighan_lin_bisection": {"2": 0.0, "3": 0.09523809523809523, "5": 0.05, "6": 0.0, "14": 0.05555555555555555}}, "distance_": {"girvan_newman": {"18": 0.09090909090909091}, "2_edge_current_flow_betweenness_partition": {}, "3_edge_current_flow_betweenness_partition": {}, "4_edge_current_flow_betweenness_partition": {"19": 0.08571428571428572}, "greedy_modularity_communities": {"0": 0.12121212121212122, "1": 0.0, "2": 0.0, "3": 0.043478260869565216, "4": 0.0, "5": 0.05, "6": 0.0, "8": 0.07142857142857142, "11": 0.1, "12": 0.045454545454545456, "13": 0.08, "14": 0.047619047619047616, "15": 0.0, "16": 0.041666666666666664, "17": 0.05263157894736842, "18": 0.043478260869565216, "19": 0.07894736842105263}, "louvain_communities": {"0": 0.1111111111111111, "1": 0.0, "2": 0.0, "3": 0.047619047619047616, "4": 0.0, "5": 0.0, "7": 0.06451612903225806, "8": 0.045454545454545456, "9": 0.0, "10": 0.0, "11": 0.1111111111111111, "12": 0.045454545454545456, "13": 0.0, "14": 0.045454545454545456, "15": 0.045454545454545456, "16": 0.05263157894736842, "17": 0.0, "18": 0.09523809523809523, "19": 0.08571428571428572}, "kernighan_lin_bisection": {"5": 0.125,