{"low_gamma": {"": {"2_k_clique_communities": {"5": 0.0, "15": 0.23529411764705882}, "3_k_clique_communities": {"1": 0.3684210526315789, "6": 0.1, "13": 0.17647058823529413, "15": 0.23529411764705882}, "4_k_clique_communities": {"0": 0.0, "2": 0.2, "5": 0.3333333333333333, "8": 0.375, "15": 0.17647058823529413}, "girvan_newman": {"1": 0.3684210526315789, "5": 0.0, "15": 0.23529411764705882}, "2_edge_current_flow_betweenness_partition": {"15": 0.23529411764705882}, "3_edge_current_flow_betweenness_partition": {"15": 0.23529411764705882}, "4_edge_current_flow_betweenness_partition": {"15": 0.23529411764705882}, "greedy_modularity_communities": {"0": 0.0, "1": 0.42105263157894735, "2": 0.22727272727272727, "3": 0.47368421052631576, "4": 0.0, "5": 0.0, "6": 0.08333333333333333, "7": 0.029411764705882353, "8": 0.6470588235294118, "9": 0.11538461538461539, "10": 0.10714285714285714, "11": 0.0, "12": 0.0, "13": 0.0, "14": 0.0, "15": 0.23529411764705882, "16": 0.0, "17": 0.0, "18": 0.0, "19": 0.0}, "louvain_communities": {"0": 0.0, "1": 0.0, "2": 0.22727272727272727, "3": 0.0, "4": 0.0, "5": 0.037037037037037035, "6": 0.0, "7": 0.030303030303030304, "8": 0.6875, "9": 0.043478260869565216, "10": 0.0, "11": 0.0, "12": 0.0, "13": 0.0, "14": 0.0, "15": 0.07142857142857142, "16": 0.0, "17": 0.0, "18": 0.0, "19": 0.0}, "kernighan_lin_bisection": {"4": 0.5, "9": 0.0}}, "distance_": {"2_k_clique_communities": {}, "3_k_clique_communities": {"4": 0.05263157894736842, "9": 0.15789473684210525}, "4_k_clique_communities": {"0": 0.18181818181818182, "1": 0.047619047619047616, "6": 0.05263157894736842, "8": 0.0, "16": 0.075, "18": 0.047619047619047616}, "girvan_newman": {"4": 0.0}, "2_edge_current_flow_betweenness_partition": {}, "3_edge_current_flow_betweenness_partition": {}, "4_edge_current_flow_betweenness_partition": {}, "greedy_modularity_communities": {"0": 0.12903225806451613, "1": 0.14285714285714285, "2": 0.058823529411764705, "3": 0.05, "4": 0.125, "5": 0.0, "6": 0.1111111111111111, "7": 0.023809523809523808, "8": 0.14285714285714285, "9": 0.1, "13": 0.058823529411764705, "14": 0.03571428571428571, "15": 0.0967741935483871, "16": 0.030303030303030304, "19": 0.06060606060606061}, "louvain_communities": {"0": 0.11538461538461539, "1": 0.12903225806451613, "2": 0.16, "4": 0.08, "5": 0.0, "8": 0.06666666666666667, "9": 0.05555555555555555, "10": 0.0, "11": 0.19230769230769232, "12": 0.04, "13": 0.1111111111111111, "14": 0.07142857142857142, "15": 0.06896551724137931, "16": 0.07894736842105263, "17": 0.11764705882352941, "18": 0.07142857142857142, "19": 0.034482758620689655}, "kernighan_lin_bisection": {}}}, "high_gamma1": {"": {"2_k_clique_communities": {"17": 0.23529411764705882, "19": 0.3125}, "3_k_clique_communities": {"5": 0.3157894736842105, "6": 0.05263157894736842, "16": 0.47058823529411764, "18": 0.3125}, "4_k_clique_communities": {"4": 0.0, "5": 0.25, "6": 0.25, "7": 0.17647058823529413, "8": 0.25, "9": 0.21052631578947367, "14": 0.29411764705882354, "16": 0.3125, "18": 0.25, "19": 0.3125}, "girvan_newman": {"4": 0.15, "7": 0.08, "8": 0.0, "10": 0.0}, "2_edge_current_flow_betweenness_partition": {"2": 0.631578947368421, "18": 0.0}, "3_edge_current_flow_betweenness_partition": {"2": 0.631578947368421, "18": 0.0}, "4_edge_current_flow_betweenness_partition": {"2": 0.631578947368421, "18": 0.0}, "greedy_modularity_communities": {"0": 0.75, "1": 0.8333333333333334, "2": 0.18181818181818182, "3": 0.6666666666666666, "4": 0.0, "5": 0.08, "6": 0.0, "7": 0.08, "8": 0.0, "9": 0.0, "10": 0.0, "11": 0.0, "12": 0.0, "13": 0.0, "14": 0.0, "15": 0.6818181818181818, "16": 0.0, "17": 0.0967741935483871, "18": 0.0, "19": 0.0}, "louvain_communities": {"0": 0.75, "1": 0.0, "2": 0.18181818181818182, "3": 0.0, "5": 0.0, "6": 0.0, "7": 0.0, "8": 0.0, "9": 0.04, "10": 0.08, "11": 0.0, "12": 0.0, "13": 0.0, "14": 0.0, "15": 0.0, "16": 0.0, "17": 0.0, "18": 0.03225806451612903, "19": 0.0}, "kernighan_lin_bisection": {"4": 0.0, "18": 0.3}}, "distance_": {"2_k_clique_communities": {}, "3_k_clique_communities": {"4": 0.047619047619047616}, "4_k_clique_communities": {"5": 0.05263157894736842}, "girvan_newman": {"5": 0.0, "9": 0.03333333333333333}, "2_edge_current_flow_betweenness_partition": {}, "3_edge_current_flow_betweenness_partition": {}, "4_edge_current_flow_betweenness_partition": {}, "greedy_modularity_communities": {"0": 0.09375, "1": 0.09090909090909091, "2": 0.06896551724137931, "3": 0.09090909090909091, "4": 0.12, "5": 0.047619047619047616, "6": 0.024390243902439025, "7": 0.022727272727272728, "9": 0.0, "10": 0.12121212121212122, "11": 0.16666666666666666, "12": 0.15384615384615385, "13": 0.1724137931034483, "14": 0.10714285714285714, "15": 0.125, "16": 0.11538461538461539, "17": 0.09375, "18": 0.10344827586206896, "19": 0.047619047619047616}, "louvain_communities": {"0": 0.3, "1": 0.15384615384615385, "2": 0.12903225806451613, "3": 0.15384615384615385, "4": 0.1111111111111111, "5": 0.047619047619047616, "6": 0.14814814814814814, "7": 0.13793103448275862, "8": 0.0, "9": 0.02564102564102564, "10": 0.12, "11": 0.08823529411764706, "12": 0.1111111111111111, "13": 0.15384615384615385, "14": 0.034482758620689655, "15": 0.1111111111111111, "16": 0.07407407407407407, "17": 0.07407407407407407, "18": 0.03333333333333333, "19": 0.14285714285714285}, "kernighan_lin_bisection": {"6": 0.047619047619047616}}}}