{"theta": {"": {"2_k_clique_communities": {}, "3_k_clique_communities": {}, "4_k_clique_communities": {}, "girvan_newman": {"15": 0.0}, "2_edge_current_flow_betweenness_partition": {}, "3_edge_current_flow_betweenness_partition": {}, "4_edge_current_flow_betweenness_partition": {}, "greedy_modularity_communities": {"2": 0.09523809523809523, "3": 0.045454545454545456, "6": 0.0, "9": 0.0, "12": 0.058823529411764705, "18": 0.0, "19": 0.05}, "louvain_communities": {"0": 0.037037037037037035, "3": 0.08695652173913043, "4": 0.0, "5": 0.0, "6": 0.0, "7": 0.07407407407407407, "8": 0.03571428571428571, "9": 0.0, "10": 0.09090909090909091, "12": 0.08695652173913043, "15": 0.0, "16": 0.06666666666666667, "18": 0.0, "19": 0.03225806451612903}, "kernighan_lin_bisection": {"7": 0.0625, "14": 0.0, "17": 0.0}}, "distance_": {"2_k_clique_communities": {}, "3_k_clique_communities": {}, "4_k_clique_communities": {}, "girvan_newman": {}, "2_edge_current_flow_betweenness_partition": {}, "3_edge_current_flow_betweenness_partition": {}, "4_edge_current_flow_betweenness_partition": {}, "greedy_modularity_communities": {"6": 0.0, "9": 0.0, "14": 0.0}, "louvain_communities": {"1": 0.0, "2": 0.16666666666666666, "3": 0.02564102564102564, "6": 0.2692307692307692, "7": 0.12903225806451613, "8": 0.0, "11": 0.024390243902439025, "13": 0.05555555555555555, "14": 0.05555555555555555, "15": 0.26666666666666666, "19": 0.0}, "kernighan_lin_bisection": {"2": 0.09090909090909091, "12": 0.0}}}, "alpha": {"": {"2_k_clique_communities": {}, "3_k_clique_communities": {}, "4_k_clique_communities": {}, "girvan_newman": {"9": 0.0, "14": 0.0}, "2_edge_current_flow_betweenness_partition": {}, "3_edge_current_flow_betweenness_partition": {}, "4_edge_current_flow_betweenness_partition": {}, "greedy_modularity_communities": {"3": 0.03571428571428571, "4": 0.05555555555555555, "6": 0.0, "8": 0.0, "10": 0.10526315789473684, "11": 0.0, "12": 0.047619047619047616, "16": 0.0, "18": 0.0}, "louvain_communities": {"0": 0.09523809523809523, "1": 0.0, "3": 0.0, "4": 0.0, "6": 0.043478260869565216, "7": 0.0, "8": 0.0, "9": 0.1111111111111111, "10": 0.0, "13": 0.0, "14": 0.0, "15": 0.0, "16": 0.05, "17": 0.07407407407407407, "18": 0.0, "19": 0.037037037037037035}, "kernighan_lin_bisection": {"3": 0.0, "14": 0.058823529411764705, "15": 0.0}}, "distance_": {"2_k_clique_communities": {}, "3_k_clique_communities": {}, "4_k_clique_communities": {}, "girvan_newman": {}, "2_edge_current_flow_betweenness_partition": {}, "3_edge_current_flow_betweenness_partition": {}, "4_edge_current_flow_betweenness_partition": {}, "greedy_modularity_communities": {"8": 0.0, "10": 0.15384615384615385}, "louvain_communities": {"1": 0.023809523809523808, "4": 0.08, "6": 0.027777777777777776, "8": 0.0, "9": 0.0, "11": 0.02564102564102564, "14": 0.0, "17": 0.0, "19": 0.0}, "kernighan_lin_bisection": {"3": 0.2, "4": 0.06060606060606061, "10": 0.1, "13": 0.11764705882352941, "14": 0.0}}}, "beta": {"": {"2_k_clique_communities": {}, "3_k_clique_communities": {}, "4_k_clique_communities": {}, "girvan_newman": {}, "2_edge_current_flow_betweenness_partition": {}, "3_edge_current_flow_betweenness_partition": {}, "4_edge_current_flow_betweenness_partition": {}, "greedy_modularity_communities": {"14": 0.0, "15": 0.06666666666666667}, "louvain_communities": {"0": 0.07894736842105263, "2": 0.09090909090909091, "5": 0.08333333333333333, "6": 0.025, "7": 0.10526315789473684, "8": 0.06666666666666667, "9": 0.0, "10": 0.043478260869565216, "11": 0.08333333333333333, "15": 0.1111111111111111, "17": 0.038461538461538464, "18": 0.029411764705882353, "19": 0.0}, "kernighan_lin_bisection": {"0": 0.03333333333333333, "1": 0.0, "3": 0.14285714285714285, "5": 0.0, "7": 0.08695652173913043, "16": 0.037037037037037035}}, "distance_": {"2_k_clique_communities": {}, "3_k_clique_communities": {}, "4_k_clique_communities": {}, "girvan_newman": {}, "2_edge_current_flow_betweenness_partition": {}, "3_edge_current_flow_betweenness_partition": {}, "4_edge_current_flow_betweenness_partition": {}, "greedy_modularity_communities": {}, "louvain_communities": {"0": 0.12195121951219512, "1": 0.13157894736842105, "2": 0.07142857142857142, "4": 0.02702702702702703, "5": 0.021739130434782608, "6": 0.05, "9": 0.03125, "10": 0.05263157894736842, "12": 0.047619047619047616, "13": 0.0, "16": 0.16666666666666666}, "kernighan_lin_bisection": {"5": 0.0, "9": 0.0, "12": 0.0}}}, "low_gamma": {"": {"2_k_clique_communities": {}, "3_k_clique_communities": {}, "4_k_clique_communities": {}, "girvan_newman": {"19": 0.08571428571428572}, "2_edge_current_flow_betweenness_partition": {}, "3_edge_current_flow_betweenness_partition": {}, "4_edge_current_flow_betweenness_partition": {}, "greedy_modularity_communities": {"6": 0.0, "8": 0.0, "15": 0.0625, "17": 0.0, "19": 0.08333333333333333}, "louvain_communities": {"0": 0.0, "1": 0.06060606060606061, "5": 0.045454545454545456, "6": 0.0, "7": 0.1, "9": 0.0, "10": 0.0, "13": 0.0, "14": 0.0, "15": 0.0, "16": 0.06060606060606061, "17": 0.07894736842105263, "18": 0.058823529411764705, "19": 0.08571428571428572}, "kernighan_lin_bisection": {"12": 0.02631578947368421}}, "distance_": {"2_k_clique_communities": {}, "3_k_clique_communities": {}, "4_k_clique_communities": {}, "girvan_newman": {}, "2_edge_current_flow_betweenness_partition": {}, "3_edge_current_flow_betweenness_partition": {}, "4_edge_current_flow_betweenness_partition": {}, "greedy_modularity_communities": {}, "louvain_communities": {"6": 0.0, "12": 0.023255813953488372, "17": 0.04878048780487805, "18": 0.0}, "kernighan_lin_bisection": {"7": 0.0, "12": 0.0}}}, "high_gamma1": {"": {"2_k_clique_communities": {}, "3_k_clique_communities": {}, "4_k_clique_communities": {}, "girvan_newman": {"0": 0.07142857142857142, "1": 0.09090909090909091, "3": 0.08571428571428572, "4": 0.09375, "5": 0.0, "6": 0.0, "8": 0.08571428571428572, "9": 0.09090909090909091, "10": 0.08571428571428572, "11": 0.0, "12": 0.08571428571428572, "14": 0.0, "15": 0.08571428571428572, "16": 0.0, "18": 0.08571428571428572}, "2_edge_current_flow_betweenness_partition": {}, "3_edge_current_flow_betweenness_partition": {}, "4_edge_current_flow_betweenness_partition": {}, "greedy_modularity_communities": {"0": 0.08333333333333333, "1": 0.0, "3": 0.0, "4": 0.0, "5": 0.0, "6": 0.0, "8": 0.08571428571428572, "9": 0.0, "10": 0.0, "11": 0.0, "12": 0.0, "14": 0.0, "15": 0.0, "16": 0.0, "18": 0.0, "19": 0.08571428571428572}, "louvain_communities": {"0": 0.0, "1": 0.0, "2": 0.0, "3": 0.0, "4": 0.0, "5": 0.0, "6": 0.0, "7": 0.0, "8": 0.0, "9": 0.0, "10": 0.0, "11": 0.0, "12": 0.0, "13": 0.0, "14": 0.0, "15": 0.0, "16": 0.0, "17": 0.0, "18": 0.0, "19": 0.02702702702702703}, "kernighan_lin_bisection": {"10": 0.08571428571428572}}, "distance_": {"2_k_clique_communities": {}, "3_k_clique_communities": {}, "4_k_clique_communities": {}, "girvan_newman": {}, "2_edge_current_flow_betweenness_partition": {}, "3_edge_current_flow_betweenness_partition": {}, "4_edge_current_flow_betweenness_partition": {}, "greedy_modularity_communities": {}, "louvain_communities": {"5": 0.0, "14": 0.06451612903225806, "18": 0.0}, "kernighan_lin_bisection": {"3": 0.0}}}}