{"theta": {"": {"2_k_clique_communities": {}, "3_k_clique_communities": {}, "4_k_clique_communities": {}, "girvan_newman": {}, "2_edge_current_flow_betweenness_partition": {}, "3_edge_current_flow_betweenness_partition": {}, "4_edge_current_flow_betweenness_partition": {}, "greedy_modularity_communities": {"2": 0.0, "4": 0.0, "6": 0.0, "10": 0.0, "15": 0.0}, "louvain_communities": {"0": 0.0, "1": 0.0, "3": 0.2, "4": 0.20689655172413793, "5": 0.0, "6": 0.0, "7": 0.24, "10": 0.0967741935483871, "11": 0.0, "12": 0.0, "14": 0.0, "15": 0.21428571428571427, "16": 0.043478260869565216, "17": 0.13333333333333333, "18": 0.3333333333333333, "19": 0.09090909090909091}, "kernighan_lin_bisection": {"2": 0.15384615384615385, "8": 0.15789473684210525}}, "distance_": {"2_k_clique_communities": {}, "3_k_clique_communities": {}, "4_k_clique_communities": {}, "girvan_newman": {}, "2_edge_current_flow_betweenness_partition": {}, "3_edge_current_flow_betweenness_partition": {}, "4_edge_current_flow_betweenness_partition": {}, "greedy_modularity_communities": {"1": 0.0, "3": 0.05555555555555555, "6": 0.047619047619047616, "14": 0.0, "17": 0.08695652173913043}, "louvain_communities": {"0": 0.029411764705882353, "1": 0.1, "3": 0.0, "4": 0.075, "6": 0.022727272727272728, "7": 0.025, "8": 0.12195121951219512, "9": 0.16216216216216217, "10": 0.0, "11": 0.1388888888888889, "12": 0.11904761904761904, "13": 0.03333333333333333, "14": 0.09090909090909091, "15": 0.05128205128205128, "16": 0.03225806451612903, "18": 0.07692307692307693, "19": 0.07142857142857142}, "kernighan_lin_bisection": {"3": 0.058823529411764705, "4": 0.047619047619047616, "6": 0.034482758620689655, "7": 0.0, "9": 0.02857142857142857, "11": 0.0, "12": 0.13043478260869565, "13": 0.0, "14": 0.09523809523809523, "15": 0.09523809523809523, "16": 0.058823529411764705, "19": 0.0}}}, "alpha": {"": {"2_k_clique_communities": {}, "3_k_clique_communities": {}, "4_k_clique_communities": {}, "girvan_newman": {}, "2_edge_current_flow_betweenness_partition": {}, "3_edge_current_flow_betweenness_partition": {}, "4_edge_current_flow_betweenness_partition": {}, "greedy_modularity_communities": {"2": 0.23076923076923078, "7": 0.0, "10": 0.0, "11": 0.23529411764705882, "14": 0.0, "16": 0.0}, "louvain_communities": {"0": 0.02564102564102564, "2": 0.08, "3": 0.0, "5": 0.20588235294117646, "6": 0.0, "8": 0.375, "9": 0.3103448275862069, "10": 0.0, "11": 0.038461538461538464, "12": 0.0, "13": 0.20588235294117646, "15": 0.2916666666666667, "16": 0.25}, "kernighan_lin_bisection": {"7": 0.0, "11": 0.0, "14": 0.0, "15": 0.13333333333333333, "16": 0.0, "17": 0.0}}, "distance_": {"2_k_clique_communities": {}, "3_k_clique_communities": {}, "4_k_clique_communities": {}, "girvan_newman": {}, "2_edge_current_flow_betweenness_partition": {}, "3_edge_current_flow_betweenness_partition": {}, "4_edge_current_flow_betweenness_partition": {}, "greedy_modularity_communities": {"10": 0.1, "13": 0.05, "17": 0.0, "18": 0.13333333333333333}, "louvain_communities": {"0": 0.05263157894736842, "1": 0.13513513513513514, "2": 0.13043478260869565, "4": 0.0967741935483871, "5": 0.0, "6": 0.05714285714285714, "7": 0.0, "8": 0.058823529411764705, "9": 0.05714285714285714, "10": 0.09090909090909091, "12": 0.037037037037037035, "14": 0.08571428571428572, "16": 0.0975609756097561, "17": 0.030303030303030304, "18": 0.03571428571428571, "19": 0.10714285714285714}, "kernighan_lin_bisection": {"0": 0.0, "1": 0.041666666666666664, "2": 0.047619047619047616, "4": 0.06666666666666667, "6": 0.07142857142857142, "8": 0.0, "12": 0.2, "18": 0.038461538461538464}}}, "beta": {"": {"2_k_clique_communities": {}, "3_k_clique_communities": {}, "4_k_clique_communities": {}, "girvan_newman": {}, "2_edge_current_flow_betweenness_partition": {}, "3_edge_current_flow_betweenness_partition": {}, "4_edge_current_flow_betweenness_partition": {}, "greedy_modularity_communities": {"0": 0.0, "4": 0.13333333333333333, "7": 0.0, "12": 0.0, "16": 0.02631578947368421}, "louvain_communities": {"0": 0.0, "1": 0.0, "2": 0.043478260869565216, "4": 0.023809523809523808, "5": 0.0, "6": 0.0, "9": 0.3125, "10": 0.0, "12": 0.0, "13": 0.2413793103448276, "14": 0.05128205128205128, "15": 0.0, "16": 0.08333333333333333, "17": 0.17857142857142858}, "kernighan_lin_bisection": {"1": 0.0, "16": 0.0, "17": 0.0625}}, "distance_": {"2_k_clique_communities": {}, "3_k_clique_communities": {}, "4_k_clique_communities": {}, "girvan_newman": {}, "2_edge_current_flow_betweenness_partition": {}, "3_edge_current_flow_betweenness_partition": {}, "4_edge_current_flow_betweenness_partition": {}, "greedy_modularity_communities": {"2": 0.10526315789473684, "13": 0.0}, "louvain_communities": {"0": 0.0, "1": 0.125, "2": 0.047619047619047616, "3": 0.029411764705882353, "4": 0.03125, "5": 0.05128205128205128, "6": 0.0, "7": 0.022727272727272728, "9": 0.0975609756097561, "10": 0.175, "11": 0.10344827586206896, "12": 0.02702702702702703, "13": 0.0, "14": 0.043478260869565216, "15": 0.18181818181818182, "16": 0.0, "17": 0.0}, "kernighan_lin_bisection": {"0": 0.0, "1": 0.0, "3": 0.0, "4": 0.0, "5": 0.0, "6": 0.0, "7": 0.0, "8": 0.0, "10": 0.0, "13": 0.0, "14": 0.0, "15": 0.0, "16": 0.125}}}, "low_gamma": {"": {"2_k_clique_communities": {}, "3_k_clique_communities": {}, "4_k_clique_communities": {}, "girvan_newman": {}, "2_edge_current_flow_betweenness_partition": {}, "3_edge_current_flow_betweenness_partition": {}, "4_edge_current_flow_betweenness_partition": {}, "greedy_modularity_communities": {}, "louvain_communities": {"1": 0.0, "2": 0.1, "5": 0.125, "6": 0.058823529411764705, "7": 0.03225806451612903}, "kernighan_lin_bisection": {}}, "distance_": {"2_k_clique_communities": {}, "3_k_clique_communities": {}, "4_k_clique_communities": {}, "girvan_newman": {}, "2_edge_current_flow_betweenness_partition": {}, "3_edge_current_flow_betweenness_partition": {}, "4_edge_current_flow_betweenness_partition": {}, "greedy_modularity_communities": {"6": 0.0, "10": 0.0, "13": 0.058823529411764705}, "louvain_communities": {"2": 0.13043478260869565, "3": 0.15384615384615385, "5": 0.058823529411764705, "6": 0.15, "7": 0.0, "8": 0.041666666666666664, "9": 0.03125, "10": 0.0, "12": 0.06451612903225806, "13": 0.1, "16": 0.18181818181818182, "17": 0.025}, "kernighan_lin_bisection": {"2": 0.125, "3": 0.047619047619047616, "4": 0.05405405405405406, "5": 0.16666666666666666, "6": 0.0, "7": 0.0, "9": 0.06666666666666667, "10": 0.0, "16": 0.06666666666666667, "17": 0.20833333333333334, "18": 0.0}}}, "high_gamma1": {"": {"2_k_clique_communities": {}, "3_k_clique_communities": {}, "4_k_clique_communities": {}, "girvan_newman": {}, "2_edge_current_flow_betweenness_partition": {}, "3_edge_current_flow_betweenness_partition": {}, "4_edge_current_flow_betweenness_partition": {}, "greedy_modularity_communities": {}, "louvain_communities": {"11": 0.75}, "kernighan_lin_bisection": {}}, "distance_": {"2_k_clique_communities": {}, "3_k_clique_communities": {}, "4_k_clique_communities": {}, "girvan_newman": {}, "2_edge_current_flow_betweenness_partition": {}, "3_edge_current_flow_betweenness_partition": {}, "4_edge_current_flow_betweenness_partition": {}, "greedy_modularity_communities": {}, "louvain_communities": {}, "kernighan_lin_bisection": {}}}}