{"theta": {"": {"2_k_clique_communities": {"6": 0.0, "11": 0.0, "14": 0.0, "15": 0.0, "17": 0.0, "18": 0.0}, "3_k_clique_communities": {"0": 0.0, "2": 0.0, "3": 0.0, "4": 0.1, "5": 0.0, "7": 0.0, "9": 0.0, "11": 0.0, "12": 0.0, "14": 0.0, "15": 0.0, "16": 0.0, "17": 0.09090909090909091}, "4_k_clique_communities": {"0": 0.08333333333333333, "1": 0.0, "3": 0.09090909090909091, "4": 0.09090909090909091, "5": 0.07692307692307693, "6": 0.09090909090909091, "7": 0.0, "8": 0.0, "9": 0.0, "11": 0.0, "13": 0.047619047619047616, "14": 0.0, "15": 0.0, "16": 0.0, "17": 0.0, "18": 0.0, "19": 0.0}}, "distance_": {"2_k_clique_communities": {}, "3_k_clique_communities": {"0": 0.0, "2": 0.0, "3": 0.0, "4": 0.0, "5": 0.0, "7": 0.0, "11": 0.0, "14": 0.1, "15": 0.0, "16": 0.0, "17": 0.0, "18": 0.0}, "4_k_clique_communities": {"0": 0.0, "1": 0.0, "2": 0.0, "4": 0.0, "5": 0.0, "8": 0.0, "14": 0.0, "16": 0.0625, "17": 0.0}}}, "alpha": {"": {"2_k_clique_communities": {"8": 0.045454545454545456, "14": 0.0, "16": 0.0}, "3_k_clique_communities": {"0": 0.0, "1": 0.0, "3": 0.0, "4": 0.0, "6": 0.0, "7": 0.0, "9": 0.0, "10": 0.15384615384615385, "11": 0.0, "12": 0.0, "14": 0.0, "15": 0.0, "17": 0.0, "18": 0.0}, "4_k_clique_communities": {"0": 0.0, "1": 0.0, "3": 0.0, "4": 0.0, "5": 0.0, "6": 0.0, "7": 0.17647058823529413, "9": 0.0, "11": 0.08333333333333333, "12": 0.09090909090909091, "14": 0.0, "15": 0.0, "17": 0.0, "18": 0.0}}, "distance_": {"2_k_clique_communities": {"6": 0.09523809523809523}, "3_k_clique_communities": {"0": 0.0, "1": 0.0, "3": 0.0, "5": 0.058823529411764705, "6": 0.0, "7": 0.0, "8": 0.09090909090909091, "11": 0.045454545454545456, "12": 0.0, "15": 0.0, "16": 0.0, "17": 0.0, "18": 0.0, "19": 0.045454545454545456}, "4_k_clique_communities": {"0": 0.0, "2": 0.0, "4": 0.0, "5": 0.0, "6": 0.037037037037037035, "8": 0.0, "12": 0.0, "15": 0.08333333333333333, "16": 0.0, "17": 0.0, "18": 0.0}}}, "beta": {"": {"2_k_clique_communities": {"3": 0.15789473684210525}, "3_k_clique_communities": {"0": 0.0, "1": 0.0, "3": 0.0, "4": 0.14285714285714285, "6": 0.0, "8": 0.0, "11": 0.0, "12": 0.0, "16": 0.0, "17": 0.0, "18": 0.0, "19": 0.038461538461538464}, "4_k_clique_communities": {"0": 0.0, "1": 0.09090909090909091, "2": 0.0, "3": 0.05263157894736842, "4": 0.0, "5": 0.0, "6": 0.0, "7": 0.0, "8": 0.0, "10": 0.0, "12": 0.0, "14": 0.0, "15": 0.0, "16": 0.0, "17": 0.0, "18": 0.0}}, "distance_": {"2_k_clique_communities": {}, "3_k_clique_communities": {"0": 0.0, "1": 0.09090909090909091, "2": 0.0, "3": 0.0, "6": 0.11764705882352941, "7": 0.0, "11": 0.0, "12": 0.0, "13": 0.0, "18": 0.0}, "4_k_clique_communities": {"0": 0.0, "2": 0.0, "4": 0.0, "5": 0.07692307692307693, "7": 0.09090909090909091, "12": 0.0, "14": 0.0, "15": 0.0, "17": 0.0, "18": 0.0}}}, "low_gamma": {"": {"2_k_clique_communities": {"0": 0.08571428571428572, "1": 0.09523809523809523, "3": 0.1111111111111111, "7": 0.1111111111111111, "12": 0.08333333333333333, "14": 0.07692307692307693, "15": 0.09523809523809523, "16": 0.043478260869565216, "18": 0.0}, "3_k_clique_communities": {"0": 0.08571428571428572, "1": 0.05263157894736842, "2": 0.17647058823529413, "3": 0.11764705882352941, "4": 0.11764705882352941, "5": 0.09523809523809523, "6": 0.11764705882352941, "7": 0.125, "8": 0.0, "9": 0.047619047619047616, "11": 0.0, "12": 0.058823529411764705, "14": 0.045454545454545456, "15": 0.11764705882352941, "16": 0.05263157894736842, "17": 0.0, "18": 0.0}, "4_k_clique_communities": {"0": 0.0, "1": 0.058823529411764705, "2": 0.14285714285714285, "3": 0.18181818181818182, "4": 0.18181818181818182, "5": 0.0, "6": 0.14285714285714285, "7": 0.14285714285714285, "8": 0.09090909090909091, "10": 0.2, "11": 0.08333333333333333, "12": 0.0, "14": 0.058823529411764705, "15": 0.13333333333333333, "16": 0.07692307692307693, "17": 0.1, "18": 0.0, "19": 0.08571428571428572}}, "distance_": {"2_k_clique_communities": {}, "3_k_clique_communities": {"0": 0.0, "1": 0.0, "4": 0.0, "5": 0.0, "18": 0.0, "19": 0.09375}, "4_k_clique_communities": {"0": 0.08823529411764706, "3": 0.038461538461538464, "5": 0.0, "11": 0.0, "13": 0.0, "17": 0.05555555555555555, "19": 0.09090909090909091}}}, "high_gamma1": {"": {"2_k_clique_communities": {"0": 0.08571428571428572, "1": 0.14285714285714285, "2": 0.09523809523809523, "3": 0.09523809523809523, "4": 0.08, "5": 0.08695652173913043, "6": 0.08333333333333333, "7": 0.08695652173913043, "8": 0.08333333333333333, "9": 0.10526315789473684, "10": 0.041666666666666664, "11": 0.09523809523809523, "12": 0.09523809523809523, "13": 0.09090909090909091, "14": 0.08695652173913043, "15": 0.1, "16": 0.15, "17": 0.043478260869565216, "18": 0.10526315789473684, "19": 0.08571428571428572}, "3_k_clique_communities": {"0": 0.08571428571428572, "1": 0.07142857142857142, "2": 0.0, "3": 0.08333333333333333, "4": 0.09523809523809523, "5": 0.0, "6": 0.09090909090909091, "7": 0.10526315789473684, "8": 0.0, "9": 0.11764705882352941, "10": 0.047619047619047616, "11": 0.05555555555555555, "12": 0.11764705882352941, "13": 0.09523809523809523, "14": 0.0, "15": 0.09090909090909091, "16": 0.1, "17": 0.05263157894736842, "18": 0.125, "19": 0.08571428571428572}, "4_k_clique_communities": {"0": 0.09090909090909091, "1": 0.21428571428571427, "2": 0.09090909090909091, "3": 0.08333333333333333, "4": 0.1, "5": 0.0, "6": 0.09523809523809523, "7": 0.11764705882352941, "8": 0.10526315789473684, "9": 0.0, "10": 0.05, "11": 0.0625, "12": 0.14285714285714285, "13": 0.10526315789473684, "14": 0.09090909090909091, "15": 0.09090909090909091, "16": 0.09090909090909091, "17": 0.058823529411764705, "18": 0.06666666666666667, "19": 0.08571428571428572}}, "distance_": {"2_k_clique_communities": {"1": 0.13333333333333333, "2": 0.13333333333333333, "3": 0.2, "6": 0.09090909090909091, "8": 0.09090909090909091, "11": 0.17647058823529413, "12": 0.125, "13": 0.08333333333333333, "15": 0.10526315789473684, "16": 0.1111111111111111}, "3_k_clique_communities": {"6": 0.09090909090909091, "19": 0.08333333333333333}, "4_k_clique_communities": {"0": 0.08108108108108109, "3": 0.0, "19": 0.08571428571428572}}}}