{"theta": {"": {"2_k_clique_communities": {}, "3_k_clique_communities": {}, "4_k_clique_communities": {}, "girvan_newman": {}, "2_edge_current_flow_betweenness_partition": {}, "3_edge_current_flow_betweenness_partition": {}, "4_edge_current_flow_betweenness_partition": {}, "greedy_modularity_communities": {"1": 0.058823529411764705, "7": 0.0, "8": 0.0, "10": 0.1111111111111111, "17": 0.06666666666666667}, "louvain_communities": {"1": 0.3684210526315789, "3": 0.027777777777777776, "4": 0.03125, "5": 0.0, "6": 0.023809523809523808, "8": 0.0, "10": 0.07317073170731707, "11": 0.02702702702702703, "12": 0.027777777777777776, "15": 0.029411764705882353, "16": 0.06451612903225806, "17": 0.07142857142857142, "18": 0.09090909090909091}, "kernighan_lin_bisection": {}}, "distance_": {"2_k_clique_communities": {}, "3_k_clique_communities": {}, "4_k_clique_communities": {}, "girvan_newman": {}, "2_edge_current_flow_betweenness_partition": {}, "3_edge_current_flow_betweenness_partition": {}, "4_edge_current_flow_betweenness_partition": {}, "greedy_modularity_communities": {"11": 0.05263157894736842}, "louvain_communities": {"1": 0.22580645161290322, "5": 0.13043478260869565, "9": 0.16666666666666666, "11": 0.022727272727272728, "16": 0.05, "18": 0.09302325581395349}, "kernighan_lin_bisection": {"1": 0.05555555555555555, "12": 0.0, "18": 0.0}}}, "alpha": {"": {"2_k_clique_communities": {}, "3_k_clique_communities": {}, "4_k_clique_communities": {}, "girvan_newman": {}, "2_edge_current_flow_betweenness_partition": {}, "3_edge_current_flow_betweenness_partition": {}, "4_edge_current_flow_betweenness_partition": {}, "greedy_modularity_communities": {"4": 0.05263157894736842, "11": 0.0, "12": 0.125, "15": 0.4, "19": 0.0}, "louvain_communities": {"0": 0.02857142857142857, "2": 0.1, "3": 0.022727272727272728, "4": 0.0, "5": 0.0, "6": 0.28125, "7": 0.25925925925925924, "8": 0.023809523809523808, "10": 0.25925925925925924, "11": 0.0, "13": 0.0, "14": 0.0, "15": 0.2702702702702703, "16": 0.0, "17": 0.03571428571428571, "18": 0.14285714285714285, "19": 0.025}, "kernighan_lin_bisection": {}}, "distance_": {"2_k_clique_communities": {}, "3_k_clique_communities": {}, "4_k_clique_communities": {}, "girvan_newman": {}, "2_edge_current_flow_betweenness_partition": {}, "3_edge_current_flow_betweenness_partition": {}, "4_edge_current_flow_betweenness_partition": {}, "greedy_modularity_communities": {"4": 0.12}, "louvain_communities": {"4": 0.058823529411764705, "5": 0.0, "7": 0.024390243902439025, "10": 0.24242424242424243, "11": 0.0, "12": 0.043478260869565216, "17": 0.023809523809523808, "18": 0.12195121951219512, "19": 0.22857142857142856}, "kernighan_lin_bisection": {"2": 0.0, "11": 0.0, "17": 0.08695652173913043, "18": 0.0}}}, "beta": {"": {"2_k_clique_communities": {}, "3_k_clique_communities": {}, "4_k_clique_communities": {}, "girvan_newman": {}, "2_edge_current_flow_betweenness_partition": {}, "3_edge_current_flow_betweenness_partition": {}, "4_edge_current_flow_betweenness_partition": {}, "greedy_modularity_communities": {"1": 0.07692307692307693, "8": 0.0625}, "louvain_communities": {"0": 0.03225806451612903, "1": 0.041666666666666664, "2": 0.09090909090909091, "3": 0.10526315789473684, "4": 0.0, "5": 0.0, "7": 0.07142857142857142, "8": 0.2777777777777778, "10": 0.05128205128205128, "12": 0.04878048780487805, "14": 0.14705882352941177, "15": 0.03125, "17": 0.0, "18": 0.0, "19": 0.043478260869565216}, "kernighan_lin_bisection": {"0": 0.03571428571428571, "2": 0.06666666666666667, "8": 0.2777777777777778, "15": 0.0, "16": 0.05555555555555555}}, "distance_": {"2_k_clique_communities": {}, "3_k_clique_communities": {}, "4_k_clique_communities": {}, "girvan_newman": {}, "2_edge_current_flow_betweenness_partition": {}, "3_edge_current_flow_betweenness_partition": {}, "4_edge_current_flow_betweenness_partition": {}, "greedy_modularity_communities": {"6": 0.0}, "louvain_communities": {"0": 0.0, "1": 0.0, "3": 0.075, "4": 0.0, "6": 0.024390243902439025, "8": 0.0, "10": 0.0, "12": 0.0, "13": 0.0, "14": 0.09375, "15": 0.021739130434782608, "17": 0.05555555555555555, "18": 0.0}, "kernighan_lin_bisection": {"0": 0.045454545454545456, "1": 0.0, "3": 0.0, "4": 0.0, "5": 0.14285714285714285, "6": 0.0, "7": 0.058823529411764705, "8": 0.2222222222222222, "12": 0.0, "15": 0.22580645161290322, "16": 0.07142857142857142, "17": 0.034482758620689655, "18": 0.047619047619047616}}}, "low_gamma": {"": {"2_k_clique_communities": {}, "3_k_clique_communities": {}, "4_k_clique_communities": {}, "girvan_newman": {}, "2_edge_current_flow_betweenness_partition": {}, "3_edge_current_flow_betweenness_partition": {}, "4_edge_current_flow_betweenness_partition": {}, "greedy_modularity_communities": {"1": 0.0, "3": 0.045454545454545456, "6": 0.0, "13": 0.0, "16": 0.0}, "louvain_communities": {"1": 0.06060606060606061, "2": 0.04, "3": 0.11764705882352941, "4": 0.0, "5": 0.0, "6": 0.16216216216216217, "7": 0.0, "8": 0.03571428571428571, "9": 0.0, "10": 0.3333333333333333, "13": 0.38461538461538464, "16": 0.12121212121212122, "17": 0.0967741935483871, "18": 0.0}, "kernighan_lin_bisection": {"1": 0.10344827586206896, "3": 0.0, "4": 0.0, "16": 0.0}}, "distance_": {"2_k_clique_communities": {}, "3_k_clique_communities": {}, "4_k_clique_communities": {}, "girvan_newman": {}, "2_edge_current_flow_betweenness_partition": {}, "3_edge_current_flow_betweenness_partition": {}, "4_edge_current_flow_betweenness_partition": {}, "greedy_modularity_communities": {}, "louvain_communities": {"1": 0.023809523809523808, "2": 0.08333333333333333, "3": 0.15789473684210525, "4": 0.13513513513513514, "5": 0.0, "6": 0.02127659574468085, "8": 0.06818181818181818, "9": 0.0, "10": 0.13333333333333333, "13": 0.10810810810810811, "16": 0.023255813953488372, "17": 0.24242424242424243}, "kernighan_lin_bisection": {"3": 0.08333333333333333, "4": 0.05555555555555555, "5": 0.0, "6": 0.0, "8": 0.0, "10": 0.13793103448275862, "13": 0.11428571428571428, "16": 0.13793103448275862}}}, "high_gamma1": {"": {"2_k_clique_communities": {}, "3_k_clique_communities": {}, "4_k_clique_communities": {}, "girvan_newman": {"11": 0.3333333333333333}, "2_edge_current_flow_betweenness_partition": {}, "3_edge_current_flow_betweenness_partition": {}, "4_edge_current_flow_betweenness_partition": {}, "greedy_modularity_communities": {"11": 0.3333333333333333}, "louvain_communities": {"5": 0.058823529411764705, "10": 0.3888888888888889, "11": 0.3333333333333333, "12": 0.6666666666666666}, "kernighan_lin_bisection": {}}, "distance_": {"2_k_clique_communities": {}, "3_k_clique_communities": {}, "4_k_clique_communities": {}, "girvan_newman": {}, "2_edge_current_flow_betweenness_partition": {}, "3_edge_current_flow_betweenness_partition": {}, "4_edge_current_flow_betweenness_partition": {}, "greedy_modularity_communities": {}, "louvain_communities": {"9": 0.27586206896551724}, "kernighan_lin_bisection": {}}}}