{"low_gamma": {"distance_": {"girvan_newman": {"18": 0.09090909090909091}, "2_k_clique_communities": {}, "3_k_clique_communities": {"4": 0.09090909090909091, "5": 0.0, "7": 0.0, "9": 0.07142857142857142, "12": 0.0, "13": 0.08333333333333333, "14": 0.0, "15": 0.09090909090909091, "17": 0.0, "18": 0.0}, "4_k_clique_communities": {"0": 0.09090909090909091, "5": 0.09090909090909091, "7": 0.0, "8": 0.07692307692307693, "10": 0.09090909090909091, "12": 0.0, "13": 0.0, "19": 0.0}}}, "high_gamma1": {"distance_": {"girvan_newman": {"10": 0.15789473684210525}, "2_k_clique_communities": {}, "3_k_clique_communities": {"2": 0.09090909090909091, "3": 0.0, "5": 0.0, "7": 0.0, "8": 0.0, "10": 0.06666666666666667, "11": 0.15, "12": 0.0, "13": 0.0, "18": 0.0, "19": 0.0}, "4_k_clique_communities": {"0": 0.09090909090909091, "1": 0.0, "4": 0.09090909090909091, "6": 0.0, "9": 0.09090909090909091, "10": 0.0, "14": 0.0}}}}