{"low_gamma": {"distance_": {"girvan_newman": [0.09090909090909091, 0.09090909090909091, 0.1896551724137931, 0.09090909090909091, 0.09090909090909091, 0.14, 0.09090909090909091, 0.09090909090909091, 0.09090909090909091, 0.2857142857142857, 0.15384615384615385, 0.09090909090909091, 0.09090909090909091, 0.09090909090909091, 0.09090909090909091, 0.09090909090909091, 0.09090909090909091, 0.09090909090909091], "2_k_clique_communities": [0.08771929824561403, 0.1724137931034483, 0.171875, 0.08571428571428572, 0.09090909090909091, 0.13636363636363635, 0.09016393442622951, 0.09016393442622951, 0.09166666666666666, 0.2857142857142857, 0.21428571428571427, 0.08928571428571429, 0.08333333333333333, 0.08695652173913043, 0.0782608695652174, 0.09734513274336283, 0.09016393442622951, 0.09016393442622951], "3_k_clique_communities": [0.08333333333333333, 0.08928571428571429, 0.4, 0.09803921568627451, 0.09090909090909091, 0.14814814814814814, 0.09016393442622951, 0.09090909090909091, 0.09016393442622951, 0.11, 0.09016393442622951, 0.09016393442622951, 0.09016393442622951, 0.09016393442622951, 0.09016393442622951, 0.09482758620689655, 0.09016393442622951, 0.09016393442622951], "4_k_clique_communities": [0.09016393442622951, 0.09016393442622951, 0.5294117647058824, 0.2, 0.09090909090909091, 0.2222222222222222, 0.09016393442622951, 0.09615384615384616, 0.09016393442622951, 0.0990990990990991, 0.09016393442622951, 0.09016393442622951, 0.09016393442622951, 0.09016393442622951, 0.09016393442622951, 0.09401709401709402, 0.09016393442622951, 0.09016393442622951]}}, "high_gamma1": {"distance_": {"girvan_newman": [0.09090909090909091, 0.09090909090909091, 0.09090909090909091, 0.09090909090909091, 0.09090909090909091, 0.11538461538461539, 0.11764705882352941, 0.09090909090909091, 0.09090909090909091, 0.16666666666666666, 0.09090909090909091, 0.3157894736842105, 0.09090909090909091, 0.09734513274336283, 0.09090909090909091, 0.12643678160919541, 0.09090909090909091, 0.14634146341463414], "2_k_clique_communities": [0.09016393442622951, 0.08547008547008547, 0.2222222222222222, 0.09090909090909091, 0.09259259259259259, 0.11320754716981132, 0.10909090909090909, 0.08849557522123894, 0.09016393442622951, 0.16666666666666666, 0.09016393442622951, 0.2903225806451613, 0.09016393442622951, 0.09649122807017543, 0.09016393442622951, 0.125, 0.09016393442622951, 0.16071428571428573], "3_k_clique_communities": [0.09016393442622951, 0.09016393442622951, 0.15714285714285714, 0.09090909090909091, 0.09090909090909091, 0.15384615384615385, 0.09016393442622951, 0.09016393442622951, 0.09016393442622951, 0.09016393442622951, 0.09016393442622951, 0.09016393442622951, 0.09016393442622951, 0.09016393442622951, 0.09016393442622951, 0.09016393442622951, 0.09016393442622951, 0.09016393442622951], "4_k_clique_communities": [0.09016393442622951, 0.09016393442622951, 0.09016393442622951, 0.09090909090909091, 0.09090909090909091, 0.15151515151515152, 0.09016393442622951, 0.09016393442622951, 0.09016393442622951, 0.09016393442622951, 0.09016393442622951, 0.09016393442622951, 0.09016393442622951, 0.09016393442622951, 0.09016393442622951, 0.09016393442622951, 0.09016393442622951, 0.09016393442622951]}}}